username,display_name,followers_count,following_count,statuses_count,followers_following_ratio,bio_length,account_age_years,verified_flag,network_degree,bio_mentions_iran,cluster
_____zhang____,Mr. Zhang Wei / credit manager SINOPAC BANK,5.0,208.0,2.0,0.023923444976076555,129,1.2046543463381245,0,1,0,3
___cfilm,🎞️,0.0,424.0,4.0,0.0,0,3.373032169746749,0,1,0,0
___mohsen_,آندره ی بالکونسکی,284.0,483.0,1363.0,0.5867768595041323,0,7.2881587953456535,0,1,0,0
___tw1tt3r___,tw1tt3r,18.0,558.0,494.0,0.03220035778175313,0,4.287474332648871,0,1,0,0
__aespect,aespect's evil twin ⋆˚꩜｡𝜗ৎ,3.0,40.0,26.0,0.07317073170731707,22,0.7008898015058179,0,1,0,0
__dokhtarak,Emily,13.0,184.0,75.0,0.07027027027027027,0,4.952772073921971,0,1,0,0
__injaneb96,ثنا ابراهیمی | Sana Ebrahimi,0.0,837.0,5593.0,0.0,129,7.3730321697467485,0,1,0,3
__mareux__,mareux,4384.0,131.0,508.0,33.21212121212121,16,6.535249828884326,0,1,0,7
__mehmetaslan__,mehmet__aslan,2.0,5.0,0.0,0.3333333333333333,0,0.6187542778918549,0,1,0,0
__rumi22_,rumi,13.0,491.0,134.0,0.026422764227642278,0,2.702258726899384,0,1,0,0
__shim__shim,Sh!m@,5769.0,523.0,0.0,11.009541984732824,0,8.867898699520875,0,1,0,5
_3pehr__,Joker,0.0,31.0,5587.0,0.0,68,5.618069815195072,0,1,0,3
_advanceuk,Advance UK,1.0,362.0,1638.0,0.0027548209366391185,152,1.1197809719370295,0,1,0,3
_aespect,ٍ,430.0,1802.0,5989.0,0.2384914032168608,109,1.6180698151950719,0,1,0,5
_agentfootball,Agent Football,3.0,75.0,3.0,0.039473684210526314,48,3.868583162217659,0,1,0,3
_aj_johnstone,Al Johnstone (AJ),674.0,2787.0,1440.0,0.2417503586800574,84,14.119096509240247,0,1,0,5
_alevgundogan_,Alev Gündoğan,0.0,4.0,0.0,0.0,0,0.6187542778918549,0,1,0,0
_ali_najjar_,علی نجار,770.0,890.0,4161.0,0.8641975308641975,31,7.619438740588638,0,1,0,5
_aliemili_,Ali Emili,9.0,132.0,87.0,0.06766917293233082,158,0.6187542778918549,0,1,0,3
_alignments,Alignments,15.0,13.0,2.0,1.0714285714285714,11,1.1197809719370295,0,1,0,0
_alonso11,Alonso Martínez,7990.0,102.0,77.0,77.57281553398059,24,9.952087611225188,0,1,0,7
_amiir_75,amiir,140.0,1333.0,1337.0,0.10494752623688156,12,2.0369609856262834,0,1,0,5
_angry_n___,i N !,149.0,160.0,4797.0,0.9254658385093167,34,10.787132101300479,0,1,0,5
_articlle_,お父さん,8556.0,803.0,780.0,10.64179104477612,19,7.953456536618754,0,1,0,5
_atefehshams_,عاطفه شمس,4.0,50.0,0.0,0.0784313725490196,12,0.9527720739219713,0,1,0,0
_atscale,ATscale,2202.0,1211.0,2496.0,1.816831683168317,136,8.038329911019849,0,1,0,5
_bonos_,🌟,40.0,7500.0,0.0,0.005332622317024397,0,3.701574264202601,0,1,0,0
_carneosso,♡ *ೃ°༄ 𝓢𝓪𝓫𝓻𝓲𝓷𝓪 𝓢𝓾𝓻𝓽𝓸 ¸.•°*°⋆.ೃ࿔*,1806.0,425.0,2277.0,4.23943661971831,115,17.286789869952088,0,1,0,5
_celestraa,Gem - Komaeda Brain rot ✌🏻️,98.0,667.0,1998.0,0.1467065868263473,13,13.618069815195073,0,1,0,5
_danielsantini,Daniel Santini,1768.0,1888.0,3079.0,0.9359449444150344,159,9.533196440793978,0,1,0,5
_dinken_,Ajmal Hussain A,379.0,529.0,961.0,0.7150943396226415,136,13.700205338809035,0,1,0,5
_ellrose,ell,5833.0,225.0,0.0,25.809734513274336,0,13.204654346338124,0,1,0,5
_fatemeramezani,فاطم‌ه,9.0,24.0,540.0,0.36,0,5.371663244353183,0,1,0,0
_freeeagle_,Free eagle,138.0,213.0,2333.0,0.6448598130841121,12,11.953456536618754,0,1,0,5
_ganeshp,Ganesh💰Padmanabhan ⚕️🦾,2080.0,1005.0,0.0,2.0675944333996026,141,15.288158795345653,0,1,0,5
_garrulus,Garrulus,112.0,475.0,654.0,0.23529411764705882,0,1.0376454483230664,0,1,0,0
_ghazaltaleb,Ghazal,13.0,47.0,3115.0,0.2708333333333333,0,6.450376454483231,0,1,0,0
_gpaolo,Giuseppe Paolo,321.0,506.0,1140.0,0.6331360946745562,108,14.036960985626283,0,1,0,5
_h_o_o_r_,sina,113.0,41.0,116.0,2.6904761904761907,41,7.953456536618754,0,1,1,4
_hannahritchie,Hannah Ritchie,0.0,1337.0,7978.0,0.0,157,12.038329911019849,0,1,0,3
_hasanbro,Hasan Bro,94.0,249.0,173.0,0.376,6,0.785763175906913,0,1,0,0
_hqaddomi,Hisham Qaddoumi,33.0,359.0,247.0,0.09166666666666666,0,3.9534565366187544,0,1,0,0
_husseinth3,حسين العنزي⚜️,2.0,6.0,0.0,0.2857142857142857,0,0.6187542778918549,0,1,0,0
_iamnaaz_,Elnaaz Norouzi,0.0,232.0,3225.0,0.0,28,13.44832306639288,0,60,0,2
_infogirl,🌻hopeful wanderer🌻,59.0,665.0,290.0,0.08858858858858859,33,4.700889801505818,0,1,0,5
_ipesarekhob,پِسَرِ خوبْ,899.0,1056.0,3112.0,0.8505203405865658,0,3.9534565366187544,0,1,0,0
_irani_mohammad,MhmmdShajarian,8.0,1774.0,58.0,0.004507042253521127,0,5.618069815195072,0,1,0,0
_iweni,🌚🤍,80.0,370.0,96.0,0.215633423180593,28,4.205338809034908,0,1,0,5
_iwftw,𐰯𐱃𐰢𐰚|فآطِمِ🎋,1216.0,819.0,4248.0,1.4829268292682927,67,3.373032169746749,0,1,0,5
_iwtiina,Tina,0.0,4.0,0.0,0.0,0,0.7008898015058179,0,1,0,0
_jkaplan,Josh Kaplan,4856.0,3387.0,0.0,1.4332939787485242,40,17.371663244353183,0,1,0,5
_joy_net,jøy,3285.0,734.0,5899.0,4.469387755102041,145,12.618754277891854,0,1,0,5
_kuramakyubi_,Kurama Kyūbi,1.0,24.0,0.0,0.04,0,0.6187542778918549,0,1,0,0
_mahdiyar313,علی اکبر رائفی پور,0.0,1054.0,6124.0,0.0,75,3.701574264202601,0,61,1,2
_mehrabooon,مهربوون,2336.0,2501.0,1681.0,0.9336530775379697,16,5.533196440793977,0,1,0,5
_miaswart,Mia Swart,1073.0,1084.0,3859.0,0.9889400921658986,107,8.28747433264887,0,1,0,5
_mohammad_1987_,Mohammad Mohammadi,0.0,5.0,1.0,0.0,33,2.3709787816563996,0,1,1,4
_mriyim_,مریمم🦋,131.0,114.0,1.0,1.1391304347826088,5,3.2881587953456535,0,1,0,0
_nafyn_,Nafyn 🐀,544.0,427.0,1942.0,1.2710280373831775,8,6.450376454483231,0,1,0,5
_nam11,Nathan,4887.0,2796.0,0.0,1.7472291741151234,134,16.205338809034906,0,1,0,5
_pia_,Pia Strietmann,74.0,115.0,127.0,0.6379310344827587,16,17.371663244353183,0,1,0,5
_raven_reborn_,🪽,5622.0,2129.0,0.0,2.63943661971831,0,5.618069815195072,0,1,0,0
_rezinski,رضینسکی,231.0,106.0,5925.0,2.1588785046728973,33,4.700889801505818,0,1,0,5
_rosemark,Wolfy,8.0,127.0,482.0,0.0625,18,6.620123203285421,0,1,0,3
_sarahdavies,Sarah Davies,6039.0,2489.0,0.0,2.4253012048192772,53,17.44832306639288,0,1,0,5
_scandalou_,SCANDALOU,43.0,299.0,541.0,0.14333333333333334,0,3.9534565366187544,0,1,0,0
_sethnall,Seth Nall,31.0,1166.0,378.0,0.026563838903170524,26,5.037645448323066,0,1,0,5
_sgtslaughter,SGT SLAUGHTER,0.0,107.0,6124.0,0.0,124,15.868583162217659,0,1,0,3
_shahaf_,Shahaf,257.0,1970.0,786.0,0.13039066463723997,159,1.6180698151950719,0,1,0,5
_sihelvi,İbn Kusay el Kerhani,16.0,73.0,119.0,0.21621621621621623,61,0.9527720739219713,0,1,0,0
_sky_tw,spinoss,1.0,19.0,0.0,0.05,0,3.5345653661875427,0,1,0,0
_soommiii_,soosoo~,27.0,85.0,79.0,0.313953488372093,0,4.700889801505818,0,1,0,0
_starboy369,Starboy ⭐️,806.0,5214.0,3509.0,0.15455417066155322,62,4.03832991101985,0,1,0,1
_thebemagugu_,Thebe Magugu,0.0,314.0,821.0,0.0,123,17.204654346338124,0,1,0,3
_thejimbo_,Jimbo! 🌈🕕🌞,757.0,237.0,0.0,3.180672268907563,66,13.78507871321013,0,1,0,5
_theleftover,LEFTOVER,462.0,563.0,8309.0,0.8191489361702128,37,8.120465434633813,0,1,0,5
_uselessgothdm,Definitely Not a Mimic,19.0,124.0,36.0,0.152,149,6.119096509240246,0,1,0,3
_uzbekfootball,Conor 🏴󠁧󠁢󠁳󠁣󠁴󠁿🇺🇿,2813.0,331.0,0.0,8.47289156626506,89,7.2881587953456535,0,1,0,5
_x_wolverine,Logan,810.0,2000.0,4889.0,0.4047976011994003,63,13.700205338809035,0,1,0,5
_ya_karim_,səs siz,532.0,436.0,0.0,1.2173913043478262,78,2.620123203285421,0,1,0,5
_zelenska_,Zelenska,21.0,309.0,746.0,0.06774193548387097,10,6.3709787816564,0,1,0,5
031es,031esf,0.0,11.0,1.0,0.0,3,0.6187542778918549,0,1,0,0
06numerosix,komagome,1980.0,200.0,0.0,9.850746268656716,14,12.449007529089664,0,1,0,5
09escargot1012,クラウス32,1646.0,5841.0,0.0,0.281752824375214,106,6.787132101300479,0,1,0,5
0alwaysdreamer0,khe_alef,1853.0,923.0,0.0,2.0054112554112553,53,17.037645448323065,0,1,0,5
0dybbxx0o1b5xa,CathyBryce,112.0,4623.0,0.0,0.02422145328719723,0,2.869267624914442,0,1,0,0
0l8o0xgtjkorcjb,SaraThoreau,127.0,4554.0,0.0,0.0278814489571899,0,2.869267624914442,0,1,0,0
0mfahzf4tebztdl,کلول,81.0,53.0,150.0,1.5,28,5.286789869952088,0,1,0,5
0pps__,Think,22.0,159.0,18.0,0.1375,14,1.9520876112251881,0,1,0,0
0qcgdh3bdamfozf,هيثم عبده نعمان الحجري,80.0,218.0,3761.0,0.365296803652968,0,4.867898699520876,0,1,0,0
0s5lud2qs9dy01o,OliviaShaw,37.0,1247.0,0.0,0.029647435897435896,0,1.0376454483230664,0,1,0,0
0x778899,Parth,110.0,4666.0,8607.0,0.023569745018212986,25,10.119096509240247,0,1,0,5
10190celine,Céline,96.0,3455.0,2320.0,0.027777777777777776,0,14.119096509240247,0,1,0,5
105_sakariyou,Sakariyou_105,100.0,428.0,271.0,0.2331002331002331,106,4.785763175906913,0,1,1,4
10am,☆♩ ♪ ♫ ♬♡,69.0,358.0,2320.0,0.19220055710306408,0,17.867214236824093,0,1,0,5
10downingstreet,UK Prime Minister,0.0,192.0,2320.0,0.0,86,18.3709787816564,0,1,0,3
110_m_ah_b,A.B.110,0.0,7.0,3.0,0.0,0,1.78507871321013,0,1,0,0
12_adin10571,Adin 12,0.0,6.0,0.0,0.0,0,0.6187542778918549,0,1,0,0
1364ghazal62816,somaih1363,3.0,17.0,1.0,0.16666666666666666,5,3.2881587953456535,0,1,0,1
1366_t,zahra tork zadeh,154.0,908.0,660.0,0.1694169416941694,27,3.701574264202601,0,1,0,5
13virginiawoolf,ویرجینیا وولف مناطق محروم,4064.0,673.0,2320.0,6.029673590504451,0,9.700205338809035,0,1,0,5
14sm_,14 Sports Management,4340.0,3486.0,2320.0,1.2446228850014338,95,12.867898699520875,0,1,0,5
1573cigars,1573 Cigars,649.0,10.0,3.0,59.0,55,2.7871321013004793,0,1,0,7
18thcent_kitty,Kitty Pridden,0.0,988.0,2327.0,0.0,156,14.954140999315538,0,1,0,3
1983ms13,Monkey,226.0,1945.0,2327.0,0.11613566289825282,0,2.1190965092402463,0,1,0,5
19azamat9267,Азамат Елеманов,1.0,17.0,0.0,0.05555555555555555,0,4.4490075290896645,0,1,0,0
1bl51ilj2fkkt,MavisColclough,33.0,1289.0,0.0,0.02558139534883721,0,1.0376454483230664,0,1,0,0
1dish4theroad,Aaron Vallance,5435.0,3587.0,2327.0,1.5147714604236344,142,10.203969883641342,0,1,0,5
1fargol,fargol,2.0,34.0,1.0,0.05714285714285714,3,1.78507871321013,0,1,0,0
1inch,1inch,0.0,365.0,2327.0,0.0,119,7.121149897330596,0,1,0,3
1m9od5,ابو علي,0.0,16.0,0.0,0.0,0,0.6187542778918549,0,1,0,0
1meshmo,Mehdi.Sharifi.Mo.,107.0,550.0,1311.0,0.19419237749546278,0,11.373032169746748,0,1,0,1
1mhyar,Mahyar,2001.0,15.0,9.0,125.0625,34,6.869267624914442,0,1,0,7
1pezeshk_plus,«یک پزشک» پلاس,233.0,740.0,4.0,0.3144399460188934,102,10.036960985626283,0,1,0,1
1wlxeue6p5b8ws,ModestyYale,129.0,3438.0,0.0,0.03751090433265484,0,2.869267624914442,0,1,0,0
1wqrz,snopy .,60.0,132.0,1123.0,0.45112781954887216,11,13.037645448323067,0,1,0,5
2_ncqr,Cotton Headed Ninny Muggins,102.0,1586.0,287.0,0.06427221172022685,0,10.3709787816564,0,1,0,0
2_rebelgirl,Rebel girl,1399.0,1004.0,9779.0,1.3920398009950248,52,1.4483230663928817,0,1,0,5
2000mhac,محمدحسین امینایی,1.0,20.0,0.0,0.047619047619047616,0,0.7008898015058179,0,1,0,0
2012bb6656,Yves St-Laurent,1782.0,2755.0,2335.0,0.6465892597968069,123,14.787132101300479,0,1,0,5
2017siyasi,Dr siyasi,206.0,306.0,6949.0,0.6710097719869706,0,9.371663244353183,0,1,0,0
2025_samuel,Dr . Samuel 2025 Samuel arockiasamy (Sam),50.0,786.0,19.0,0.06353240152477764,0,0.7008898015058179,0,1,0,0
2088sajad24892,Sajad,5.0,39.0,53.0,0.125,0,1.6180698151950719,0,1,0,0
20lincoln20,tohid2001,4085.0,4396.0,2456.0,0.9290425289970434,26,5.867214236824093,0,1,0,5
20rapcom,20RAP.com,0.0,13.0,5214.0,0.0,42,15.373032169746748,0,1,1,4
21molana,Amirhossein Molana,0.0,1.0,0.0,0.0,159,1.2867898699520877,0,1,0,0
2447mo1789,Mo,1177.0,5324.0,29.0,0.22103286384976525,40,2.7871321013004793,0,1,0,5
27484b,xcxcxc,0.0,495.0,0.0,0.0,0,2.535249828884326,0,1,0,0
28minutes,28 minutes,0.0,2495.0,28.0,0.0,151,14.620123203285422,0,1,0,3
2bender,Bender,3313.0,667.0,0.0,4.959580838323354,92,16.449007529089666,0,1,1,4
2dopequeens,2 Dope Queens Podcast,0.0,1094.0,2510.0,0.0,132,12.618754277891854,0,1,0,3
2internetghosts,ketaminion,6853.0,3767.0,0.0,1.818736730360934,87,5.286789869952088,0,1,0,5
2ndravanparish,روانپریش دوم درب اول,0.0,35.0,5587.0,0.0,54,7.619438740588638,0,1,0,3
2rr0i_,🌟,4.0,37.0,25.0,0.10526315789473684,90,1.2867898699520877,0,1,0,3
2x0x2x4,KolKa,133.0,95.0,987.0,1.3854166666666667,91,2.620123203285421,0,1,0,5
30for30,30 for 30,0.0,1399.0,30.0,0.0,86,17.11978097193703,0,1,0,3
30nahejazi,Sina Hejazi,4400.0,16.0,297.0,258.8235294117647,14,13.286789869952088,0,1,1,7
319u9xc85rz97,KatherineRalph,67.0,7339.0,0.0,0.009128065395095367,0,2.3709787816563996,0,1,0,0
31siye6,しろ,25.0,45.0,4406.0,0.5434782608695652,0,4.785763175906913,0,1,0,0
32kennocha,Isis,345.0,472.0,458.0,0.7293868921775899,34,13.119780971937029,0,1,0,5
3303losangelesr,3303losangelesr,7.0,917.0,3249.0,0.007625272331154684,5,2.535249828884326,0,1,0,5
34gwr77liku4hw8,احمد رمزي,18.0,450.0,4.0,0.03991130820399113,0,5.119780971937029,0,1,0,0
35anj,نشريه سه‌پنج,0.0,0.0,2021.0,0.0,47,13.44832306639288,0,1,0,3
35pmrc4xezu0tvd,Максат,0.0,4.0,6.0,0.0,0,7.039014373716633,0,1,0,0
3ccmke,Third Coast Cinema,1.0,154.0,0.0,0.0064516129032258064,0,0.8678986995208761,0,1,0,0
3eyedamir,SeyedAmir Sayyah,0.0,438.0,5587.0,0.0,151,6.535249828884326,0,1,1,4
3pm_est,R,1.0,85.0,0.0,0.011627906976744186,0,0.6187542778918549,0,1,0,0
3tareee,سه تا رِ,1206.0,212.0,0.0,5.661971830985915,73,10.203969883641342,0,1,0,5
404arsynotfound,Arsy,8.0,72.0,35.0,0.1095890410958904,36,4.120465434633813,0,1,0,0
424xh,Muchacho,154.0,2398.0,0.0,0.06419341392246769,75,14.535249828884325,0,1,0,5
42potatoesss,Ishita Dasgupta,1.0,77.0,0.0,0.01282051282051282,0,2.7871321013004793,0,1,0,0
433_uae2,عميد الرياضة,0.0,178.0,5587.0,0.0,48,5.700205338809035,0,1,0,3
4bteen,Abtinn,17.0,391.0,12.0,0.04336734693877551,0,4.205338809034908,0,1,0,0
4freedom4iran,Freedom,18.0,214.0,682.0,0.08372093023255814,0,3.868583162217659,0,1,0,0
4freedominiran,Iran Freedom,0.0,698.0,2018.0,0.0,158,12.952772073921972,0,1,1,6
4genderjustice,Women's Initiatives for Gender Justice,5771.0,1516.0,8749.0,3.8042188529993406,160,14.620123203285422,0,1,0,5
4ltgmlpx61671,Payton Brown 4LtgmLpx,3.0,195.0,0.0,0.015306122448979591,0,0.7008898015058179,0,1,0,0
4m2dvxbg7uptwhz,.,104.0,383.0,8.0,0.2708333333333333,0,4.867898699520876,0,1,0,0
4noura,Noura Erakat,0.0,2719.0,5587.0,0.0,81,16.700889801505816,0,1,0,3
4refugeewomen,Women for Refugee Women 🧡,0.0,3581.0,5587.0,0.0,148,15.039014373716633,0,1,0,3
4sylvestermccoy,Sylvester McCoy,0.0,121.0,4831.0,0.0,156,13.952087611225188,0,1,0,3
4viewers,4Viewers,0.0,1330.0,4.0,0.0,118,17.037645448323065,0,1,0,3
4xasw2m9126jd,VernaAckermann,47.0,2056.0,0.0,0.022848808945065628,0,1.0376454483230664,0,1,0,6
4zk79e91ywvxni2,Мадина,11.0,118.0,18.0,0.09243697478991597,42,7.3730321697467485,0,1,0,3
500womensci,500 Women Scientists,0.0,1832.0,500.0,0.0,121,9.700205338809035,0,1,0,3
50uses,50 Uses For The Word Love Podcast,489.0,2753.0,396.0,0.1775599128540305,154,7.534565366187543,0,1,0,5
54hz_whale,54hzwhale,59.0,1363.0,55.0,0.04325513196480939,41,4.700889801505818,0,1,0,5
5ogand,Sogand,0.0,71.0,1709.0,0.0,6,13.533196440793978,0,1,0,3
5thprisoner,زندانی پنجم,6351.0,265.0,0.0,23.87593984962406,21,10.036960985626283,0,1,0,5
5x2i530x3rcidcw,GailNewton,123.0,3449.0,0.0,0.035652173913043476,0,2.7871321013004793,0,1,0,0
5y6aahcdftzn4me,پرنسس,26.0,10.0,125.0,2.3636363636363638,40,5.618069815195072,0,1,0,0
61pari93357,wind carry us?,48.0,681.0,308.0,0.07038123167155426,16,0.785763175906913,0,1,0,5
677krzych,Wojtek,146.0,807.0,9241.0,0.1806930693069307,0,7.121149897330596,0,1,0,5
67888892jkssl,cookmysock99,82.0,148.0,4215.0,0.5503355704697986,0,2.535249828884326,0,1,0,0
6njeli,اونجلیناجیلی,0.0,164.0,5593.0,0.0,63,7.868583162217659,0,1,0,3
6shahriar68408,60 shahriar,0.0,6.0,0.0,0.0,0,1.8672142368240932,0,1,0,0
7_ndala,معتز بالله الجنوبي,15.0,92.0,17.0,0.16129032258064516,0,0.7008898015058179,0,1,0,0
72nargessalehi,narges salehi,0.0,3.0,1.0,0.0,0,0.9527720739219713,0,1,0,0
730no,730.no,0.0,962.0,730.0,0.0,132,17.95208761122519,0,1,0,3
77abolfazlhz,Abolfazl_,486.0,958.0,1114.0,0.5067778936392076,43,4.952772073921971,0,1,0,1
77o7h,حسين,0.0,28.0,0.0,0.0,0,0.6187542778918549,0,1,0,0
7continentnewss,کمونیست کُش👺,74.0,778.0,1654.0,0.09499358151476252,97,4.120465434633813,0,1,0,5
7farzin7711830,7farzin7 7shabani7,0.0,4.0,0.0,0.0,0,0.6187542778918549,0,1,0,0
7khaiiam,خیام,341.0,31.0,0.0,10.65625,16,12.205338809034908,0,1,0,5
7negiashish,Ashish Negi,0.0,609.0,5593.0,0.0,117,12.700889801505818,0,1,0,3
7usiy,7,347.0,25.0,66.0,13.346153846153847,0,3.619438740588638,0,1,0,0
80403b7197f4437,@Kaveh_Mesgarian,65.0,290.0,526.0,0.22336769759450173,0,11.619438740588638,0,1,0,0
88sparber,Daniel Sparber,2.0,343.0,3.0,0.005813953488372093,26,2.702258726899384,0,1,0,3
8mathieu8,Trees,1267.0,7195.0,6775.0,0.17607003891050585,40,16.78576317590691,0,1,0,5
8nilsjxeqhj1v,DaisyJennings,36.0,1285.0,0.0,0.027993779160186624,0,1.0376454483230664,0,1,0,0
90ndstoppage,90ndstoppage,0.0,566.0,5593.0,0.0,127,5.867214236824093,0,1,0,3
9122432itw,Amara,304.0,396.0,3321.0,0.7657430730478589,120,3.786447638603696,0,1,0,5
965bita37920,Bita 965,0.0,1.0,0.0,0.0,0,0.9527720739219713,0,1,0,0
999qol9196,あああ,486.0,7500.0,2124.0,0.06479136115184642,0,2.3709787816563996,0,1,0,0
99piorg,99 Percent Invisible,0.0,21.0,2859.0,0.0,101,10.869267624914443,0,1,0,3
9rcl7at9wzomubs,Мақсат Асылбеков,12.0,65.0,6.0,0.18181818181818182,0,5.286789869952088,0,1,0,0
9tantiope,9T Antiope,550.0,202.0,927.0,2.70935960591133,155,10.620123203285422,0,1,0,1
a_01_2024,Ali,48.0,454.0,159.0,0.1054945054945055,0,1.4483230663928817,0,1,0,0
a_abothman,abothman ahwazi,418.0,1060.0,1512.0,0.3939679547596607,33,4.618754277891855,0,1,0,5
a_alirezabeigi,احمد علیرضابیگی,3823.0,30.0,427.0,123.3225806451613,123,6.620123203285421,0,1,1,7
a_alley,Ahmed Alley,918.0,567.0,1913.0,1.6161971830985915,30,17.037645448323065,0,1,0,5
a_baronca,Andrea Baronchelli,5437.0,603.0,4578.0,9.001655629139073,53,16.867898699520875,0,1,0,5
a_bindoff,A Bindoff,236.0,598.0,7723.0,0.39398998330550916,35,10.869267624914443,0,1,0,5
a_f_cebeci,Ali Fuat Cebeci,9013.0,5337.0,0.0,1.688460097414762,29,5.204654346338125,0,1,0,5
a_fallahzadeh,Amir Fallahzadeh,1.0,222.0,1.0,0.004484304932735426,0,3.1211498973305956,0,1,0,0
a_hossainy,أحمد حسيني  🇵🇸,1302.0,888.0,0.0,1.4645669291338583,149,14.787132101300479,0,1,0,5
a_nazari99,A Nazari,21.0,276.0,1.0,0.07581227436823104,33,6.3709787816564,0,1,0,1
a_rnazari,Amirreza Nazari,0.0,3028.0,6145.0,0.0,159,8.618754277891854,0,1,1,4
a_s_v_t_r,حــزامـ,389.0,943.0,0.0,0.4120762711864407,82,2.2039698836413417,0,1,0,5
a_sarkohi,Arash Sarkohi,2995.0,702.0,1854.0,4.260312944523471,45,9.78507871321013,0,1,1,4
a_soleimani_f,عارفه سلیمانی,14.0,93.0,27.0,0.14893617021276595,7,3.2060232717316905,0,1,0,0
a_z_im,Az_im,0.0,1213.0,6145.0,0.0,33,11.373032169746748,0,1,1,4
a16z,a16z,0.0,52.0,6145.0,0.0,125,16.95277207392197,0,1,0,3
a16zcrypto,a16z crypto,0.0,511.0,7127.0,0.0,158,4.120465434633813,0,1,0,3
a1976_b,Amir.B,21.0,233.0,302.0,0.08974358974358974,0,15.039014373716633,0,1,0,0
a2bdullah_,Abdullah_AL lime,0.0,13.0,0.0,0.0,0,0.6187542778918549,0,1,0,0
a5sp3,عباس فاضل,1.0,12.0,0.0,0.07692307692307693,0,0.8678986995208761,0,1,0,0
a60968h,Amin,0.0,15.0,0.0,0.0,0,0.7008898015058179,0,1,0,0
a8484aviv,אביב AVIV 🇮🇱,3028.0,7496.0,0.0,0.4038948912898493,17,12.120465434633813,0,1,0,5
a9b9e3m1,Ali Erfani,1.0,83.0,0.0,0.011904761904761904,0,5.204654346338125,0,1,0,0
aa1915898,احمدعلام صيادالبحار,9.0,312.0,4.0,0.02875399361022364,4,1.6180698151950719,0,1,0,0
aa51_ansari,Ali Ansari,7637.0,931.0,3221.0,8.194206008583691,27,8.700889801505818,0,1,0,5
aaaaaaav69,Sasasaa,51.0,245.0,405.0,0.2073170731707317,0,1.8672142368240932,0,1,0,0
aaaarrisbs,Ario Zalipour,0.0,3.0,0.0,0.0,0,0.785763175906913,0,1,0,0
aaalirz,AliR Electrical engineering 💚🤍❤️,694.0,3790.0,0.0,0.1830651543128462,143,8.867898699520875,0,1,1,4
aaction414,dominika janik,700.0,7498.0,553.0,0.0933457794372583,143,1.78507871321013,0,1,0,5
aadianjana6567,Aadi Anjana,223.0,2578.0,17.0,0.08646762310973245,49,0.8678986995208761,0,1,0,5
aadilsultanx,A@dil $ultan,337.0,4781.0,186.0,0.07047260560434965,0,7.701574264202601,0,1,0,5
aafifrakin,Aafif Moinul Rakin,0.0,18.0,4.0,0.0,0,1.1197809719370295,0,1,0,0
aahassas,PishGoo,126.0,225.0,3222.0,0.5575221238938053,40,17.11978097193703,0,1,0,1
aahonarmand,Aliasghar Honarmand | علی اصغر هنرمند,0.0,288.0,4047.0,0.0,127,13.533196440793978,0,1,0,3
aaihs,AAIHS,0.0,108.0,6145.0,0.0,152,12.205338809034908,0,1,0,3
aajavoices,AAJA Voices,1904.0,583.0,2743.0,3.26027397260274,141,17.037645448323065,0,1,0,5
aaknopf,Alfred A. Knopf,0.0,3115.0,6157.0,0.0,72,17.61806981519507,0,1,0,3
aalabadi78525,Abood Alabadi,0.0,5.0,3.0,0.0,0,2.0369609856262834,0,1,0,0
aalbahrayn5356,زعيم اسيا عشق سنين الطفولة,134.0,1392.0,444.0,0.09619526202440776,32,3.2881587953456535,0,1,0,5
aalejandrabm,Alejandra Bonilla Mena,126.0,560.0,16.0,0.22459893048128343,121,14.702258726899384,0,1,0,5
aaljamel13216,Alzamn aljamel,27.0,1200.0,0.0,0.022481265611990008,0,1.1197809719370295,0,1,0,0
aalmalki_10,A,4.0,91.0,36.0,0.043478260869565216,20,2.702258726899384,0,1,0,0
aam653073,Amit Mishra,2.0,2113.0,4.0,0.000946073793755913,0,1.3716632443531827,0,1,0,0
aami_r1385,۵ مارس ۲۰۰۷,0.0,8.0,2.0,0.0,0,3.868583162217659,0,1,0,0
aanahelll,Atefeh,62.0,93.0,107.0,0.6595744680851063,0,3.701574264202601,0,1,0,0
aanandlrai,Aanand L Rai,0.0,3.0,6281.0,0.0,16,16.700889801505816,0,1,0,3
aarabisaeid,Saeid Aarabi,0.0,25.0,66.0,0.0,0,1.0376454483230664,0,1,0,0
aaravtyagi_x,Aarav Tyagi,0.0,17.0,0.0,0.0,154,1.0376454483230664,0,1,0,3
aardavann,Ardavan Jafarian,161.0,123.0,377.0,1.2983870967741935,84,14.45037645448323,0,1,0,5
aarnapatel68,Aarna Patel 🦋,465.0,7165.0,35.0,0.06488975718671504,160,1.1197809719370295,0,1,0,5
aaronjmate,Aaron Maté,0.0,4004.0,6157.0,0.0,124,16.12046543463381,0,1,0,3
aaronoff7,Aaron Off,14.0,6.0,3112.0,2.0,0,3.868583162217659,0,1,0,0
aasangari,Ali A. Sangari,200.0,5518.0,36.0,0.03623844899438304,0,14.3709787816564,0,1,0,0
ab_ganji,عبدالله گنجی,0.0,199.0,6157.0,0.0,159,9.618069815195073,0,1,0,1
abadguy000,🏴󠁧󠁢󠁥󠁮󠁧󠁿AlinnaKX87🇺🇲,278.0,639.0,2068.0,0.434375,36,6.036960985626283,0,1,0,5
abaerbockarchiv,Annalena Baerbock,0.0,114.0,1004.0,0.0,21,4.618754277891855,0,1,0,3
abajournal,ABA Journal,0.0,1364.0,6157.0,0.0,160,18.286105407255306,0,1,0,3
aban_paris,paris.aban,138.0,264.0,0.0,0.5207547169811321,34,6.702258726899384,0,1,0,0
abarsaber,saber abar صابر اَبَر,0.0,156.0,457.0,0.0,71,11.039014373716633,0,1,0,1
abaruleoflaw,ABA Rule of Law,3539.0,916.0,4745.0,3.8593238822246456,99,12.449007529089664,0,1,0,5
abas_asgharpour,abas asgharpour,65.0,62.0,160.0,1.0317460317460319,14,3.868583162217659,0,1,0,0
abasabolfathi43,متفورمین,167.0,920.0,0.0,0.18132464712269272,12,2.2039698836413417,0,1,0,1
abasaslani,Abas Aslani,0.0,2482.0,6158.0,0.0,143,15.953456536618754,0,1,1,4
abasiabbassi,Shahram Abbassi,516.0,369.0,241.0,1.3945945945945946,61,11.288158795345653,0,1,0,5
abasinfo,Abas Aslani | عباس اصلانی,1213.0,505.0,2528.0,2.397233201581028,124,10.036960985626283,0,1,1,4
abazarhassan,Abazar Hassan,0.0,807.0,2056.0,0.0,83,11.373032169746748,0,1,0,3
abb_abdi,عباس عبدی,0.0,475.0,5780.0,0.0,45,8.952772073921972,0,28,0,2
abba3pakbin,Abbas Pakbin,77.0,826.0,1122.0,0.09310761789600967,112,5.371663244353183,0,1,0,5
abbas2864,Abbas Shariati,7.0,52.0,8.0,0.1320754716981132,0,14.620123203285422,0,1,0,1
abbasalawadi6,ABBAS Alawadi,109.0,641.0,138.0,0.16978193146417445,33,5.371663244353183,0,1,0,5
abbasali690448,abbas ali,0.0,65.0,0.0,0.0,0,0.6187542778918549,0,1,0,0
abbasi_j_5,عباسی ۴,1280.0,4321.0,2241.0,0.2961591855622397,100,3.619438740588638,0,1,1,4
abbasi_students,اندیشه‌جویان,5752.0,58.0,3161.0,97.49152542372882,40,9.952087611225188,0,1,0,7
abbasiniho,Abbasinihoo,1654.0,1816.0,7755.0,0.9102916895982388,14,8.205338809034908,0,1,1,4
abbasmehdavi312,Abbas Ali mehdavi,12.0,122.0,65.0,0.0975609756097561,152,0.9527720739219713,0,1,0,3
abbasmowzoon,Abbas_Mowzoon,0.0,0.0,390.0,0.0,35,5.286789869952088,0,1,0,0
abbydphillip,Abby D. Phillip,0.0,3911.0,6157.0,0.0,71,16.372347707049965,0,1,0,3
abc,ABC News,0.0,408.0,6158.0,0.0,107,17.286789869952088,0,1,0,3
abc7ny,Eyewitness News,0.0,725.0,6158.0,0.0,138,17.78507871321013,0,1,0,3
abcnews,ABC News,0.0,1096.0,6158.0,0.0,103,19.37303216974675,0,1,0,3
abcsharktank,Shark Tank,0.0,301.0,6158.0,0.0,98,14.535249828884325,0,1,0,3
abd_ir1,abd ir,1.0,667.0,0.0,0.0014970059880239522,0,6.036960985626283,0,1,0,1
abdeekalantari,Abdee Kalantari,5015.0,1583.0,1290.0,3.1660353535353534,79,11.786447638603697,0,1,0,5
abdelkarimslp,Abdelkarim💎,0.0,208.0,3938.0,0.0,0,13.204654346338124,0,1,0,0
abdelmonim68330,Abdelmonim Elgak,0.0,15.0,1.0,0.0,0,0.7008898015058179,0,1,0,0
abdelra07745930,عبدالرزاق الحيالي,0.0,2406.0,1793.0,0.0,95,5.867214236824093,0,1,0,3
abdimonireh,Monireh Abdi,1637.0,209.0,343.0,7.795238095238095,159,6.203969883641341,0,1,1,4
abdolahkha36267,Abdolah Khavary,0.0,3.0,0.0,0.0,0,0.6187542778918549,0,1,0,0
abdolhamid_net,Mawlana Abdol-Hamid,4410.0,2.0,922.0,1470.0,140,6.203969883641341,0,1,1,7
abdolhamidnet,شیخ الاسلام مولانا عبدالحمید,0.0,2.0,3668.0,0.0,104,14.535249828884325,0,24,0,2
abdolhamidnetar,فضيلة الشيخ عبد الحميد إسماعيل زهي,3445.0,2.0,379.0,1148.3333333333333,130,5.533196440793977,0,1,1,7
abdollahia64050,Ashoo Abdollahi,3.0,64.0,0.0,0.046153846153846156,0,0.7008898015058179,0,1,0,0
abdollahram,Abdollah Ramezanzadeh,0.0,1102.0,3497.0,0.0,153,11.288158795345653,0,1,1,4
abdolrezakahani,Abdolreza Kahani,0.0,299.0,247.0,0.0,45,12.120465434633813,0,1,0,3
abdul_ix,ABDUL,1182.0,615.0,3757.0,1.9188311688311688,15,14.787132101300479,0,1,0,5
abdul_majid33,عبـدالمـجید خرقـانی 🇮🇷,0.0,4650.0,3757.0,0.0,65,6.203969883641341,0,1,0,3
abdul_qadi90079,Abdul qadir Jailani,2.0,44.0,0.0,0.044444444444444446,0,0.6187542778918549,0,1,0,0
abdul_samad_pti,Abdul Samad,1070.0,258.0,1409.0,4.1312741312741315,145,2.3709787816563996,0,1,0,5
abdul534kerim,Abdulkerim Diril,0.0,1.0,0.0,0.0,0,0.6187542778918549,0,1,0,0
abdulahreema,Reema,325.0,1501.0,1149.0,0.21637816245006658,0,17.286789869952088,0,1,0,5
abdulbaset22,‏عبدالباسط الحمادي,8645.0,3202.0,3808.0,2.699032157352482,0,14.119096509240247,0,1,0,5
abdulhaidari313,Abdul Ghafor Alavi,1.0,7.0,0.0,0.125,0,3.1211498973305956,0,1,0,0
abdullah9th,Md Masum,18.0,940.0,2.0,0.019128586609989374,0,8.952772073921972,0,1,0,0
abdullahagar2,Abdullah Ağar,0.0,1259.0,3808.0,0.0,75,10.286105407255304,0,1,0,3
abdullahhemyari,Abid Ali,138.0,1332.0,175.0,0.10352588147036759,16,8.700889801505818,0,1,0,5
abdullahisom1,Abdullahi Hassan,2846.0,783.0,1923.0,3.6301020408163267,72,13.952087611225188,0,1,0,5
abdullahmohtadi,Abdullah Mohtadi,0.0,430.0,647.0,0.0,58,14.535249828884325,0,1,1,4
abdullahpa7203,Abdullah palta,0.0,85.0,0.0,0.0,0,0.6187542778918549,0,1,0,0
abdullahsa83137,King Rahimzoy,1.0,17.0,14.0,0.05555555555555555,0,0.6187542778918549,0,1,0,0
abdulndadi,Abdul Ndadi,84.0,880.0,2226.0,0.09534619750283768,57,6.286105407255304,0,1,0,5
abdulqa15628102,ABDUL QADIR,7.0,91.0,82.0,0.07608695652173914,0,9.700205338809035,0,1,0,0
abdulrahma74533,Abdulrahman iphone,2.0,100.0,0.0,0.019801980198019802,0,0.7008898015058179,0,1,0,0
abdulsalamdoct,محمد المعمري,6.0,118.0,253.0,0.05042016806722689,18,1.1197809719370295,0,1,0,3
abdulwadudkha12,Abdulwadud Khan,96.0,1443.0,13.0,0.0664819944598338,36,0.785763175906913,0,1,0,5
abdulzahraa_,عبدالزهراء عبدالحسين,2430.0,366.0,5896.0,6.62125340599455,111,7.2060232717316905,0,1,0,5
abdusalamsalah,محمد عبدالسلام,0.0,201.0,4298.0,0.0,111,10.869267624914443,0,1,0,3
abdusamad_aa,Абдусамад,5.0,30.0,1.0,0.16129032258064516,0,9.119780971937029,0,1,0,0
abdynal18132,Zain Al-Ameri,17.0,552.0,10.0,0.03074141048824593,0,0.8678986995208761,0,1,0,0
abearfromsea,Bear,2576.0,1243.0,3881.0,2.0707395498392285,52,16.700889801505816,0,1,0,5
abed33474966,Ab.Es,12.0,240.0,150.0,0.04979253112033195,5,3.868583162217659,0,1,0,0
abedimoham75246,mohammad abedi,1.0,7.0,2.0,0.125,0,0.6187542778918549,0,1,0,0
abedimonfared1,"Reza Abedi, Psychology Expert",1598.0,1688.0,2095.0,0.9461219656601539,93,4.785763175906913,0,1,1,4
abedini_farzane,Farzane Abedini,79.0,177.0,3931.0,0.4438202247191011,0,3.5345653661875427,0,1,0,0
abediyazda45296,yazdan Abedi,0.0,3.0,0.0,0.0,0,0.8678986995208761,0,1,0,0
abehtarin,سیروس,6.0,93.0,513.0,0.06382978723404255,67,13.119780971937029,0,1,0,3
abeirami,Ahmad Beirami,0.0,4569.0,4721.0,0.0,150,7.619438740588638,0,1,0,3
abfarideh,#WeStand4FreeIran #رای_من_سرنگونی abfarideh,3017.0,2335.0,3931.0,1.2915239726027397,69,12.618754277891854,0,1,1,6
abhaddadii,Haddadi,0.0,415.0,3931.0,0.0,20,4.5338809034907595,0,1,0,3
abhijitmajumder,Abhijit Majumder,0.0,624.0,3933.0,0.0,68,17.037645448323065,0,1,0,3
abhishekbhaya,Abhishek G. Bhaya अभिषेक অভিষেক ابھیشک 加冕礼,3877.0,3098.0,3931.0,1.2510487253952889,163,17.037645448323065,0,1,0,5
abhistoria,Ahab Bdaiwi איהאבּ ܐܝܗܐܒ,0.0,937.0,4281.0,0.0,153,9.037645448323067,0,1,0,3
abidiparisa,Parisa Abidi,1.0,0.0,5.0,1.0,73,8.53388090349076,0,1,0,3
abikhosh88210,Abikhosh,0.0,6.0,0.0,0.0,0,2.0369609856262834,0,1,0,0
abilovafzalshoh,Afzalshoh Abilov,4.0,98.0,33.0,0.04040404040404041,27,6.869267624914442,0,1,0,3
abina310186,H,0.0,590.0,0.0,0.0,0,1.8672142368240932,0,1,0,0
abinelcv,Clive CV Abinel,95.0,299.0,2096.0,0.31666666666666665,0,5.952087611225188,0,1,0,0
abingdon_arms,The Abingdon Arms,51.0,163.0,63.0,0.31097560975609756,124,6.702258726899384,0,1,0,5
abkoga,A.B. Koga,643.0,633.0,1953.0,1.0141955835962144,129,3.868583162217659,0,1,0,5
ablrchi,Amir R. Bolurchi,2919.0,1778.0,3975.0,1.6408094435075886,115,17.037645448323065,0,1,1,4
abmolana,Molana,351.0,765.0,3903.0,0.45822454308093996,66,13.119780971937029,0,1,0,1
abmomeni,عبدالله مومنی Abdollah Momeni,0.0,1186.0,6126.0,0.0,18,9.286789869952088,0,1,0,1
abn0029,N.P.L,113.0,337.0,6157.0,0.3343195266272189,80,2.7871321013004793,0,1,0,5
aboalfazlm79456,aliiii,48.0,367.0,3.0,0.13043478260869565,0,2.2039698836413417,0,1,0,0
aboarab90547242,حبیبی محمد,61.0,777.0,175.0,0.07840616966580977,0,3.701574264202601,0,1,0,0
abofazlrajabi,Abolfazl Rajabi,1556.0,81.0,1065.0,18.975609756097562,86,2.535249828884326,0,1,0,5
abogadasmx,Abogadas MX,4618.0,839.0,3107.0,5.497619047619048,66,11.373032169746748,0,1,0,5
abol1159817,ABOL,0.0,8.0,0.0,0.0,23,0.7008898015058179,0,1,0,1
abolfazl_1957,a.l.r,2.0,28.0,0.0,0.06896551724137931,0,3.868583162217659,0,1,0,0
abolfazl20_06,ابوالفضل,0.0,31.0,11.0,0.0,0,2.1190965092402463,0,1,0,0
abolfazl597787,Abolfazl,0.0,26.0,0.0,0.0,0,0.6187542778918549,0,1,0,0
abolie17386,abolfazl Esmaili,4.0,28.0,164.0,0.13793103448275862,88,0.7008898015058179,0,1,0,1
aboliparande,aboliparande,1.0,53.0,0.0,0.018518518518518517,0,0.6187542778918549,0,1,0,0
aboodmatar17,aboodmatar,513.0,5502.0,444.0,0.09322187897510449,11,6.119096509240246,0,1,0,5
about_shaamim,Shamim,1722.0,114.0,339.0,14.97391304347826,0,3.868583162217659,0,1,0,0
aboutmes7,تتو آرتیست,0.0,193.0,7656.0,0.0,45,4.700889801505818,0,1,0,3
aboutparhammhb,P4rhumm,1543.0,498.0,5356.0,3.092184368737475,0,4.618754277891855,0,1,0,5
aboyahiaalsgldy,Abu Jamal,0.0,3403.0,2917.0,0.0,72,13.204654346338124,0,1,0,3
abrahymahm53406,احمد ابراهيم,1.0,70.0,0.0,0.014084507042253521,0,0.7008898015058179,0,1,0,0
abramscomicarts,ABRAMS ComicArts,2624.0,882.0,2639.0,2.971687429218573,27,17.11978097193703,0,1,0,5
absleil,sleil_adb,14.0,575.0,231.0,0.024305555555555556,0,8.53388090349076,0,1,0,0
absmadridista,مدريدي,144.0,1434.0,1580.0,0.10034843205574913,34,4.4490075290896645,0,1,0,5
abtahi_m,Mohamad Ali Abtahi,0.0,937.0,4823.0,0.0,144,16.618754277891856,0,1,1,4
abtc,American Bitcoin,0.0,6.0,374.0,0.0,65,1.3716632443531827,0,1,0,3
abtinhoveyda,Abtin Hoveyda,4.0,18.0,3.0,0.21052631578947367,43,2.4503764544832305,0,1,0,1
abttaniq,عبد الحسين عبطان,0.0,2970.0,2673.0,0.0,123,9.867214236824093,0,1,0,3
abu_al_askary,ابو علي العسكري,2697.0,0.0,4.0,2697.0,40,2.954140999315537,0,1,0,7
abu_aqeel86,عبدالله الخالدي,0.0,16.0,4.0,0.0,0,0.8678986995208761,0,1,0,0
abubakarnu55384,Nura Abubakar,14.0,77.0,116.0,0.1794871794871795,0,1.4483230663928817,0,1,0,0
abuhafi146615,Abuhafi,0.0,3.0,1.0,0.0,0,0.6187542778918549,0,1,0,0
abunadiem,Abunadiem,0.0,1.0,1.0,0.0,0,0.7008898015058179,0,1,0,0
abusamer1990528,Samer,8.0,277.0,0.0,0.02877697841726619,0,2.702258726899384,0,1,0,0
abusamiyildiz,Murat C. Yıldız مراد جهان ييلديز,234.0,2781.0,31.0,0.08411214953271028,155,2.0369609856262834,0,1,0,5
abuzar42172607,abuzar,0.0,94.0,0.0,0.0,0,3.701574264202601,0,1,0,0
abwlhbalhdathy,أبو لهب الحداثي,10.0,207.0,83.0,0.04807692307692308,30,2.2861054072553046,0,1,0,5
abwmhdy75844,سجاد ابو مهدي,0.0,70.0,0.0,0.0,0,0.8678986995208761,0,1,0,0
acadbeauxarts,Académie des beaux-arts,7326.0,1070.0,4104.0,6.840336134453781,0,12.53388090349076,0,1,0,5
academyjp6,JP6 Football Academy,367.0,10.0,210.0,33.36363636363637,68,6.036960985626283,0,1,0,7
acbowen,Andrew Bowen (he/him),7134.0,2760.0,0.0,2.58384643245201,162,14.535249828884325,0,1,0,5
acegid_igh,ACEGID,6649.0,249.0,3537.0,26.596,125,7.619438740588638,0,1,0,5
acetaminophen69,Acetaminophen,2.0,54.0,108.0,0.03636363636363636,0,1.1197809719370295,0,1,0,0
achaharmahaliy,Atefeh Chaharmahaliayan,112.0,163.0,7.0,0.6829268292682927,107,1.2867898699520877,0,1,0,5
acharya_pa1,Pawan Acharya,334.0,639.0,71.0,0.521875,27,14.3709787816564,0,1,0,5
acjindia,ACJ,7237.0,611.0,1249.0,11.82516339869281,23,17.037645448323065,0,1,0,5
acovertcovfefe,The Doctor,176.0,592.0,2790.0,0.29679595278246207,127,1.5331964407939767,0,1,0,5
acpreventiontdl,The Alliance for the Prevention of Atrocity Crimes,296.0,462.0,546.0,0.6393088552915767,103,2.3709787816563996,0,1,0,5
acrvir,acrvir,0.0,42.0,1.0,0.0,0,5.448323066392882,0,1,0,0
acsparta_en,AC Sparta Prague,0.0,193.0,9926.0,0.0,75,14.036960985626283,0,1,0,3
acsyaorg,ACSYA Inc.,1485.0,335.0,3177.0,4.419642857142857,49,12.038329911019849,0,1,0,5
actforamerica,ACT For America,0.0,508.0,4955.0,0.0,147,16.03832991101985,0,1,0,3
actingandvoice,Acting & Voice Studios,2285.0,951.0,310.0,2.4002100840336134,137,8.785763175906913,0,1,0,5
activistrafiey,سمیه رفیعی,5292.0,78.0,757.0,66.9873417721519,139,7.039014373716633,0,1,1,4
actorssum,Actors Summit,1129.0,1018.0,54.0,1.1079489695780176,136,4.700889801505818,0,1,0,5
adaacademy,Ada Dev Academy,6402.0,744.0,5503.0,8.593288590604027,114,13.037645448323067,0,1,0,5
adadpay,Ali Dadpay,756.0,463.0,1434.0,1.6293103448275863,138,1.9520876112251881,0,1,0,5
adakuskowski,Ada Kuskowski,362.0,480.0,303.0,0.7525987525987526,151,3.868583162217659,0,1,0,5
adamant_85,AdamAnt,32.0,304.0,1028.0,0.10491803278688525,9,0.785763175906913,0,1,0,5
adamczarni22933,Adam Czarniecki,35.0,189.0,7.0,0.18421052631578946,157,2.702258726899384,0,1,0,5
adameaval,adameaval,6194.0,2306.0,4983.0,2.6848721283051584,36,11.121149897330595,0,1,0,1
adamfnward,Adam Ward,0.0,49.0,35.0,0.0,0,2.7871321013004793,0,1,0,0
adamhimmelsbach,Adam Himmelsbach,0.0,612.0,5022.0,0.0,66,14.869267624914443,0,1,0,3
adamlawschool,Amsterdam Law School,4154.0,2252.0,4661.0,1.8437638703950288,135,12.449007529089664,0,1,0,5
adamssmith66981,Adam's Smith,34.0,320.0,23.0,0.1059190031152648,87,0.9527720739219713,0,1,0,5
adan_galindo,Adán Galindo Vaca,153.0,1215.0,969.0,0.12582236842105263,84,16.28747433264887,0,1,0,5
adaneabel3426,Abel Adane,6.0,190.0,13.0,0.031413612565445025,0,1.6180698151950719,0,1,0,0
adarehgharibi,Amirhosein Zandi darehgharibi,5.0,217.0,39.0,0.022935779816513763,18,0.9527720739219713,0,1,0,0
addems92997,herry Addems,0.0,20.0,4.0,0.0,0,1.6180698151950719,0,1,0,0
addh66,Azita Irani,14.0,122.0,0.0,0.11382113821138211,0,13.037645448323067,0,1,0,6
addyperry20,LilyPerry,510.0,3722.0,1567.0,0.136986301369863,61,1.2046543463381245,0,1,0,5
adeeb_alomari,اديب العُمري,0.0,1870.0,5047.0,0.0,160,14.869267624914443,0,1,0,3
adeliatorp64676,Adelia Torphy,84.0,3362.0,1.0,0.024977698483496878,0,1.4483230663928817,0,1,0,0
adelirani04833,👑Adel-irani0123👑,2258.0,5682.0,5022.0,0.3973253563258842,104,1.8672142368240932,0,1,0,6
adellenaz,Adelle Nazarian,1.0,8866.0,5768.0,0.0001127777151234916,98,15.786447638603697,0,1,0,3
adelphiedizioni,Adelphi Edizioni,0.0,1528.0,5047.0,0.0,31,15.373032169746748,0,1,0,3
adelzarandi,Adel,175.0,639.0,168.0,0.2734375,0,14.954140999315538,0,1,0,1
adetunji269953,Adetunji,0.0,27.0,0.0,0.0,0,0.7008898015058179,0,1,0,0
adfiranofficial,Alliance for Democracy and Freedom in Iran,7667.0,0.0,13.0,7667.0,150,3.4496919917864477,0,1,0,6
adhdukcharity,ADHD UK,0.0,22.0,2113.0,0.0,137,6.702258726899384,0,1,0,3
adidas,adidas,0.0,255.0,1315.0,0.0,48,15.206023271731691,0,1,0,3
aditya_shrinath,Aditya Shrinath,12.0,76.0,109.0,0.15584415584415584,0,7.039014373716633,0,1,0,0
adnanaltia,عدنان الطائي,0.0,469.0,7109.0,0.0,36,10.702258726899384,0,1,0,3
adnanime,Animation Digital Network,0.0,676.0,1315.0,0.0,58,12.867898699520875,0,1,0,3
adoniarostami49,Eros Gheemah,41.0,1118.0,0.0,0.03663985701519214,0,15.206023271731691,0,1,0,0
adorno_persian,آدورنو,0.0,8.0,1315.0,0.0,69,3.4496919917864477,0,1,0,3
adresansoso,Lili Adresan🌺🇫🇷,0.0,24.0,1315.0,0.0,141,5.533196440793977,0,1,0,3
adriirov,Adri,0.0,49.0,0.0,0.0,0,0.6187542778918549,0,1,0,0
adriyanari3843,Adriyan Ariya,0.0,20.0,17.0,0.0,0,0.7008898015058179,0,1,0,0
adryn848,آدرین,14.0,539.0,0.0,0.025925925925925925,0,2.2039698836413417,0,1,0,0
adsbynimbus,Nimbus,65.0,69.0,46.0,0.9285714285714286,136,7.2060232717316905,0,1,0,5
adskulubu,Adana Demirspor,0.0,10.0,1315.0,0.0,82,14.119096509240247,0,1,0,3
adv_project,Advancement Project,0.0,2014.0,604.0,0.0,160,17.204654346338124,0,1,0,3
advanceuk_wales,Advance UK Wales 🏴󠁧󠁢󠁷󠁬󠁳󠁿,3939.0,103.0,659.0,37.875,130,1.0376454483230664,0,1,0,7
adveith,Adveith Nair,1842.0,551.0,0.0,3.3369565217391304,140,16.867898699520875,0,1,0,5
advhassanfarooq,Muhammad Hassan Farooq,0.0,18.0,6.0,0.0,95,0.6187542778918549,0,1,0,3
advisorbecki,"Rebecca Iacopelli, CFP®, MT",10.0,27.0,56.0,0.35714285714285715,139,1.1197809719370295,0,1,0,3
adybly92748,اديب علي عبد,0.0,31.0,0.0,0.0,0,0.785763175906913,0,1,0,0
aecp_faecp,AECP,3686.0,287.0,5127.0,12.79861111111111,0,10.45037645448323,0,1,0,5
aeeeeeeeeeeen,آئین,313.0,187.0,1897.0,1.6648936170212767,7,9.618069815195073,0,1,0,1
aek_official,AEK Athletic Club,4357.0,27.0,0.0,155.60714285714286,106,8.120465434633813,0,1,0,7
aekbcgr,AEK BC,0.0,87.0,1315.0,0.0,48,11.534565366187543,0,1,0,3
aesdigitallyart,Aes Digitally Art Prints,29.0,333.0,32.0,0.08682634730538923,147,0.7008898015058179,0,1,0,5
aesmailnazhad,agiri esmailnazhad,9213.0,1609.0,6939.0,5.722360248447205,94,9.44832306639288,0,1,0,5
aesthetic993,私はいつもここにいます,45.0,1038.0,4050.0,0.04331087584215592,59,7.701574264202601,0,1,0,5
af_ghost,AF_Ghost,0.0,1851.0,3955.0,0.0,28,11.953456536618754,0,1,0,3
afarouk92,Ahmed Farouk,1844.0,718.0,0.0,2.564673157162726,98,15.953456536618754,0,1,1,4
afcasiancup_ar,كأس آسيا,0.0,33.0,1315.0,0.0,39,12.28747433264887,0,1,0,3
afchine_alavi,Afchine Alavi,0.0,3018.0,1315.0,0.0,157,17.037645448323065,0,1,1,4
afcmediatv,AFC Media and Broadcast Operations,8476.0,14.0,2594.0,565.0666666666667,160,6.119096509240246,0,1,0,7
affgnl,AFFG,150.0,101.0,699.0,1.4705882352941178,37,9.533196440793978,0,1,0,5
afg01a,afg01 afg01,57.0,737.0,8.0,0.07723577235772358,0,4.4490075290896645,0,1,0,0
afghan271,🇮🇷✧صدای سکوت✧🇮🇷🇪🇭🇵🇰🇦🇫,626.0,5652.0,367.0,0.11073766141871573,89,3.2881587953456535,0,1,1,4
afghanistanihrc,AIHRC,0.0,62.0,3692.0,0.0,67,12.700889801505818,0,1,0,3
afghanlgbt,Afghan LGBT Organization (ALO),1190.0,401.0,216.0,2.9601990049751246,81,6.119096509240246,0,1,0,5
afgmboard,Anti-FGM Board Kenya,0.0,1799.0,3544.0,0.0,158,11.534565366187543,0,1,0,3
afhiathil,Afhi Athil,0.0,24.0,0.0,0.0,0,0.6187542778918549,0,1,0,0
afintl_,Afghanistan International - افغانستان اینترنشنال,0.0,8.0,8.0,0.0,103,4.952772073921971,0,1,0,3
afintl_en,Afghanistan International English,0.0,8.0,6754.0,0.0,87,5.119780971937029,0,1,0,3
afintlarabic,أفغانستان إنترناشيونال - عربي,3268.0,8.0,2083.0,363.1111111111111,64,5.119780971937029,0,1,0,7
afintlbrk,افغانستان اینترنشنال,0.0,10.0,1315.0,0.0,150,5.119780971937029,0,1,0,3
afintlradio,رادیو افغانستان اینترنشنال,0.0,12.0,1315.0,0.0,142,4.867898699520876,0,1,0,3
afkari_saeed,سعید افکاری,0.0,78.0,1273.0,0.0,5,5.952087611225188,0,1,0,3
afkham_minus,Afkham III,2896.0,227.0,3243.0,12.701754385964913,20,3.786447638603696,0,1,0,5
afnan_alostaz,Afnan,204.0,452.0,518.0,0.4503311258278146,165,9.44832306639288,0,1,0,5
afra7172,Afra,8.0,178.0,1.0,0.0446927374301676,0,1.0376454483230664,0,1,0,0
aframalhameli,Afra Al Hameli,0.0,301.0,1939.0,0.0,46,5.7850787132101305,0,1,0,3
afrash,Iman Afrash,999.0,3395.0,231.0,0.2941696113074205,155,18.119096509240247,0,1,0,5
afrasimoha50416,Mohammad Afrasi,0.0,59.0,0.0,0.0,0,2.1190965092402463,0,1,0,0
afrasyabia,Afrasyabi.alireza,36.0,322.0,137.0,0.11145510835913312,47,7.786447638603696,0,1,0,5
afroninfa,alli,1686.0,1027.0,1315.0,1.640077821011673,0,7.534565366187543,0,1,0,5
afsahihoss18315,Hossin Afsahi,1.0,23.0,0.0,0.041666666666666664,0,0.6187542778918549,0,1,0,0
afsamaryam96589,M,1.0,12.0,2.0,0.07692307692307693,24,0.6187542778918549,0,1,0,0
afsharmog,افشار مقدم,3726.0,192.0,9288.0,19.305699481865286,47,7.3730321697467485,0,1,0,5
afsheenmoosavi,Afsheen Moosavi,326.0,106.0,73.0,3.046728971962617,32,5.867214236824093,0,1,0,5
afshin_46,Afshin,1318.0,2948.0,0.0,0.4469311631061377,109,5.037645448323066,0,1,0,5
afshin_ashiyani,afshin ashiyani افشین آشیانی,73.0,850.0,51.0,0.08578143360752057,99,12.785763175906913,0,1,0,5
afshin_rasa,Afshin Rasa,3.0,17.0,31.0,0.16666666666666666,109,5.371663244353183,0,1,0,3
afshinagin62,Afshin Agin,2330.0,7152.0,5197.0,0.32573745281699984,147,9.44832306639288,0,1,1,4
afshinbahrami33,"A , Bahrami",10.0,126.0,134.0,0.07874015748031496,42,8.618754277891854,0,1,1,4
afshinbizar,afshin,0.0,4.0,0.0,0.0,0,0.6187542778918549,0,1,0,0
afshinzare1,Afshin Zare,3.0,97.0,13.0,0.030612244897959183,16,14.036960985626283,0,1,0,1
afterdinnercon,After Dinner Conversation,0.0,36.0,7778.0,0.0,155,6.954140999315538,0,1,0,3
afterpay_au,Afterpay,5939.0,521.0,964.0,11.377394636015326,50,12.038329911019849,0,1,0,5
afzalab90,Afzal Patel,31.0,1524.0,89.0,0.020327868852459016,0,5.371663244353183,0,1,0,0
afzalieli,Eli Afzali,1.0,8.0,5.0,0.1111111111111111,29,3.786447638603696,0,1,0,0
aga_mohd_hussan,syedmohd Hussain,0.0,14.0,2.0,0.0,0,0.6187542778918549,0,1,0,0
agakeruka71284,あがけるか,100.0,3464.0,0.0,0.02886002886002886,0,2.869267624914442,0,1,0,0
agathaallweek,Agatha All Along Week,2931.0,5.0,1548.0,488.5,138,1.4483230663928817,0,1,0,7
agencecapa,CAPA,7920.0,612.0,5264.0,12.920065252854812,153,16.95277207392197,0,1,0,5
agencythebook,Agency The Book,104.0,23.0,92.0,4.333333333333333,44,12.120465434633813,0,1,0,5
ageofpahlavi,M E D U S A 🇮🇱🎗️,2796.0,1148.0,0.0,2.433420365535248,154,15.288158795345653,0,1,1,4
aggholamyy,Pontius Pilate,204.0,1493.0,5916.0,0.13654618473895583,54,13.78507871321013,0,1,0,5
agha_mohamad1_,آقــا مــحــمـــد ☕,0.0,4645.0,1303.0,0.0,130,8.53388090349076,0,1,0,1
agha_xavier2,خاویر پرز دکوئیار R.I.P,5940.0,665.0,1303.0,8.91891891891892,47,8.120465434633813,0,1,0,5
aghachurchill,AghaChurchill | The Anti-Left,5167.0,990.0,1303.0,5.213925327951564,87,5.037645448323066,0,1,0,5
aghajanii76m,aghajanii76m,1431.0,6575.0,81.0,0.2176094890510949,35,3.701574264202601,0,1,0,5
aghamiri_hosein,سیدحسین آقامیری,0.0,161.0,523.0,0.0,100,8.952772073921972,0,1,0,3
aghatac8,Aghata,0.0,13.0,13.0,0.0,87,0.6187542778918549,0,1,0,0
aghdadaash,آق داداش,1.0,161.0,29.0,0.006172839506172839,0,4.287474332648871,0,1,0,0
aghmamrez,آق‌ممرض,3095.0,335.0,1307.0,9.211309523809524,37,12.785763175906913,0,1,0,5
aghomchi,Amirreza Ghomchi,6.0,665.0,2633.0,0.009009009009009009,28,13.78507871321013,0,1,0,1
aghplt,Ali Gholhaki,0.0,3259.0,9934.0,0.0,42,6.535249828884326,0,1,0,3
agnescallamard,Agnes Callamard,0.0,2694.0,1307.0,0.0,152,15.039014373716633,0,1,0,3
agoldmund,Alex Goldman,0.0,3610.0,444.0,0.0,128,13.867214236824093,0,1,0,3
agolp,Armand Golpaygani,197.0,471.0,162.0,0.4173728813559322,0,16.700889801505816,0,1,0,5
agriculture666,Agriculture Music,2293.0,54.0,802.0,41.69090909090909,20,4.205338809034908,0,1,0,7
agudaojo,Dennise,185.0,1173.0,34.0,0.1575809199318569,20,4.287474332648871,0,1,0,5
aguilasmonu,Águilas Monumental,0.0,148.0,1311.0,0.0,142,16.372347707049965,0,1,0,3
ahaactors,AHA Actors,7853.0,639.0,3922.0,12.2703125,36,15.206023271731691,0,1,0,5
ahadisherko,SH.1990,47.0,241.0,34.0,0.19421487603305784,0,4.867898699520876,0,1,0,0
ahadsadeghi71,Ahad.sadeghi71,238.0,735.0,336.0,0.3233695652173913,66,7.3730321697467485,0,1,0,1
ahahistorians,American Historical Association,0.0,2335.0,1311.0,0.0,151,16.867898699520875,0,1,0,3
ahali73975790a,Şahəli,23.0,107.0,19.0,0.21296296296296297,0,6.3709787816564,0,1,0,0
ahamd155610,ahamd,0.0,10.0,0.0,0.0,0,0.6187542778918549,0,1,0,0
ahammoudmi,Abdullah H. Hammoud,0.0,1197.0,4731.0,0.0,131,10.620123203285422,0,1,0,3
ahangar_fa44154,fufu,9.0,49.0,507.0,0.18,0,0.8678986995208761,0,1,0,0
ahangari73,Kawa Ahangari,7500.0,273.0,8573.0,27.37226277372263,105,11.7015742642026,0,1,1,4
ahangevafa,هاتف قاضی‌زاده,6738.0,396.0,1312.0,16.97229219143577,129,13.533196440793978,0,1,0,5
ahangparvaz_co,آژانس هواپیمایی آهنگ پرواز,890.0,5415.0,69.0,0.16432791728212703,116,7.786447638603696,0,1,0,1
ahdeaghiq,عهد عقیق,81.0,191.0,25.0,0.421875,0,13.78507871321013,0,1,0,0
ahejlsberg,Anders Hejlsberg,0.0,75.0,256.0,0.0,29,13.867214236824093,0,1,0,3
ahimsaaaa,Ahimsa آهیمسا,12.0,61.0,128.0,0.1935483870967742,0,3.868583162217659,0,1,0,0
ahlebeytmedia,اهل بیت مدیا,0.0,65.0,2096.0,0.0,50,6.036960985626283,0,1,0,3
ahllam_music,ahllam,6758.0,2.0,45.0,2252.6666666666665,6,3.868583162217659,0,1,0,7
ahlulbayt__313,Ahlul•Bayt ♡ 📚,8520.0,5043.0,2370.0,1.6891356066613799,77,9.78507871321013,0,1,0,5
ahlulbayt_says,أهـلُ البـيت,0.0,13.0,1315.0,0.0,127,15.7015742642026,0,1,0,3
ahlulbayt28,خادمة الحُسين💚⚑,0.0,276.0,1318.0,0.0,139,6.036960985626283,0,1,0,3
ahlulbayttv,Ahlulbayt TV,0.0,160.0,1318.0,0.0,85,16.867898699520875,0,1,0,3
ahmad76905530,ahmad,40.0,706.0,8.0,0.056577086280056574,0,3.5345653661875427,0,1,0,0
ahmadabdulsada,احمد عبد السادة,0.0,289.0,4050.0,0.0,22,10.119096509240247,0,1,0,3
ahmadalirezaei,#احمدعلی رضایی اسدآبادی,1270.0,2326.0,1792.0,0.5457670820799312,101,7.619438740588638,0,1,0,5
ahmadi_abb27030,abbas ahmadi,9.0,191.0,0.0,0.046875,0,1.2867898699520877,0,1,0,0
ahmadi_afs1371,Afshin Ahmadi,0.0,17.0,0.0,0.0,0,0.8678986995208761,0,1,0,0
ahmadi_ahmadii,bəmalu,21.0,155.0,173.0,0.1346153846153846,0,4.372347707049966,0,1,0,0
ahmadi_fae83290,فائزه🎀,26.0,63.0,520.0,0.40625,47,2.3709787816563996,0,1,0,1
ahmadiaman84324,Amanllah Ahmadi,5.0,65.0,0.0,0.07575757575757576,0,0.7008898015058179,0,1,0,0
ahmadinejad1956,Mahmoud Ahmadinejad,0.0,49.0,349.0,0.0,125,9.533196440793978,0,57,1,2
ahmadisaye35320,sayed Ahmadi,80.0,304.0,1615.0,0.26229508196721313,0,1.3716632443531827,0,1,0,0
ahmadmuaffaq,د ـ أحمد موفق زيدان,0.0,1612.0,1319.0,0.0,55,15.373032169746748,0,1,0,3
ahmadmullatalal,احمد ملا طلال,0.0,565.0,3221.0,0.0,30,13.618069815195073,0,1,0,3
ahmadnaderi_ir,احمد نادری,0.0,391.0,2452.0,0.0,142,6.450376454483231,0,1,1,4
ahmadnoorollahi,Ahmad Noorollahi,0.0,17.0,15.0,0.0,0,9.78507871321013,0,1,0,0
ahmadreza_ka,Ahmadreza,3.0,34.0,0.0,0.08571428571428572,0,4.785763175906913,0,1,0,0
ahmadrezaas8,Ahmadreza,0.0,6.0,0.0,0.0,0,0.6187542778918549,0,1,0,0
ahmadrezae88890,ahmadreza emz,8.0,4.0,58.0,1.6,0,2.1190965092402463,0,1,0,0
ahmadrezagz,احمدرضا گودرزی,0.0,14.0,1322.0,0.0,42,5.867214236824093,0,1,0,3
ahmadrezakzmi,احمدرضا کاظمی,0.0,278.0,2805.0,0.0,37,11.7015742642026,0,1,0,3
ahmadsamadi1974,Ahmad Samadi,5188.0,973.0,1979.0,5.326488706365503,148,6.450376454483231,0,1,1,4
ahmadshuja,Shuja Jamal,0.0,3284.0,1322.0,0.0,152,18.203969883641342,0,1,0,3
ahmdlkarim,Ahmd Abd Lkarim,2.0,17.0,8.0,0.1111111111111111,0,9.286789869952088,0,1,0,0
ahmdzybdal56318,عبدالخالق احمدزی,0.0,5.0,0.0,0.0,0,0.6187542778918549,0,1,0,0
ahmed_rami,Ahmed Rami - احمد رامي,1837.0,6334.0,9923.0,0.2899763220205209,109,16.372347707049965,0,1,0,5
ahmed17032001,Ahmed1379,1.0,137.0,20.0,0.007246376811594203,0,0.9527720739219713,0,1,0,0
ahmedabdal94,Ahmedabdalmohsen,4.0,276.0,4.0,0.01444043321299639,101,0.7008898015058179,0,1,0,0
ahmedabdswe,ahmed Abdulsalam,109.0,3948.0,1.0,0.027601924537857685,0,2.1190965092402463,0,1,0,0
ahmedalharbi0_,غريب طوس,0.0,27.0,1304.0,0.0,159,11.868583162217659,0,1,0,3
ahmedheero00,Ahmed Heero,15.0,438.0,638.0,0.03416856492027335,0,3.2881587953456535,0,1,0,0
ahmedjamal41147,Ahmed Jamal,0.0,78.0,0.0,0.0,0,0.7008898015058179,0,1,0,0
ahmedjoia15116,Ahmed kahlid Joia,37.0,500.0,14.0,0.07385229540918163,0,2.1190965092402463,0,1,0,0
ahmedkroy,Ahmed Roy,564.0,466.0,1304.0,1.2077087794432548,57,14.3709787816564,0,1,0,5
ahmedmohammed,Ahmed bin Mohammed,0.0,22.0,654.0,0.0,114,6.535249828884326,0,1,0,3
ahmedna00921321,Ahmed Nawaz Baloch,12.0,48.0,11.0,0.24489795918367346,0,4.785763175906913,0,1,0,0
ahmedovzaur78,Zaur Ahmadov,20.0,215.0,0.0,0.09259259259259259,11,11.619438740588638,0,1,0,5
ahmedsaad189151,Ahmedsaad,1.0,16.0,3.0,0.058823529411764705,80,0.8678986995208761,0,1,0,3
ahmedsamehcccpa,Ahmed KHALIL,69.0,675.0,1765.0,0.10207100591715976,52,2.7871321013004793,0,1,0,5
ahmedstv1,ahmedstv _احمد سبورت تيفي,385.0,41.0,102.0,9.166666666666666,115,6.954140999315538,0,1,0,5
ahmet_k_han,Ahmet Kasım Han,1.0,2390.0,1307.0,0.0004182350480970305,129,14.3709787816564,0,1,0,3
ahora9090,Ahora,3.0,44.0,26.0,0.06666666666666667,40,0.785763175906913,0,1,0,0
ahoramazda39384,Ahora Mazda,28.0,308.0,526.0,0.09061488673139159,0,2.3709787816563996,0,1,0,0
ahqyqty18486,Amir Mahdi,6.0,51.0,1.0,0.11538461538461539,14,3.1211498973305956,0,1,0,0
ahrari_maryam,Maryam Ahrari,481.0,1013.0,5876.0,0.47435897435897434,29,3.786447638603696,0,1,0,5
ahsan2026bs,Muhammad Hassan (Ahsan),1.0,72.0,4.0,0.0136986301369863,27,0.7008898015058179,0,1,0,0
ahsana30012,أبو محمد🇵🇸,148.0,4060.0,757.0,0.03644422556020684,46,1.4483230663928817,0,1,0,5
ahwaz1925__,عربستان,26.0,130.0,210.0,0.1984732824427481,71,1.8672142368240932,0,1,0,5
ahwazmedia,حسن راضي الأحوازي,5884.0,415.0,8467.0,14.14423076923077,137,14.286105407255304,0,1,1,4
ahwaztammoz2021,Freedom Ahwaz Arabia,629.0,298.0,252.0,2.1036789297658864,113,2.535249828884326,0,1,1,4
ai_risks,Center for AI Safety,7911.0,2.0,227.0,2637.0,63,3.9534565366187544,0,1,0,7
aiatmeta,AI at Meta,0.0,290.0,2565.0,0.0,135,7.953456536618754,0,1,0,3
aibaensch,Arne Bänsch,1210.0,1103.0,1175.0,1.0960144927536233,67,8.785763175906913,0,1,1,4
aibuzznews,Patrick's AIBuzzNews,0.0,582.0,1348.0,0.0,108,3.2060232717316905,0,1,0,3
aicalliance_,AICA - Australian Iranian Community Alliance,80.0,67.0,272.0,1.1764705882352942,158,3.1211498973305956,0,1,1,6
aidaghavam4291,Aida Ghavam,0.0,14.0,1.0,0.0,0,0.6187542778918549,0,1,0,0
aidanajra,delusional king,276.0,233.0,7154.0,1.1794871794871795,153,2.3709787816563996,0,1,0,5
aidin_og,آیـدیـنـم یا شاید یه انسان غمگین ؛,0.0,8.0,27.0,0.0,9,0.6187542778918549,0,1,0,0
aidinism,Aidinism,0.0,909.0,9344.0,0.0,116,18.203969883641342,0,1,0,3
ailar1000,jupiter,59.0,978.0,996.0,0.0602655771195097,72,16.867898699520875,0,1,0,5
ain4or,Jason Miller,32.0,182.0,36.0,0.17486338797814208,77,3.786447638603696,0,1,0,5
ainajkhan,Aina J. Khan,0.0,34.0,1349.0,0.0,82,15.373032169746748,0,1,0,3
ainohuilaja,Aino Huilaja,2932.0,902.0,1807.0,3.246954595791805,95,16.867898699520875,0,1,0,5
ainslielab,Kristy Ainslie,5695.0,2132.0,3920.0,2.6699484294421003,153,16.28747433264887,0,1,0,5
ainurastom,Tassi,8.0,261.0,19.0,0.030534351145038167,0,13.867214236824093,0,1,0,0
aircenteraz,AIR Center,5016.0,102.0,5675.0,48.699029126213595,145,6.954140999315538,0,1,0,7
airdropcomet,Airdrop Comet | DeFi,0.0,3.0,126.0,0.0,89,4.700889801505818,0,1,0,3
airwallex,Airwallex,9375.0,516.0,1755.0,18.13346228239845,51,10.620123203285422,0,1,0,5
aischannel,AIS Channel,0.0,16.0,1349.0,0.0,90,13.44832306639288,0,1,0,3
aishaabbas20560,Abbass Aisha,59.0,703.0,0.0,0.08380681818181818,0,1.3716632443531827,0,1,0,0
aishaabbass3176,Maryam shahab,117.0,1380.0,0.0,0.08472121650977553,15,1.3716632443531827,0,1,0,5
aishaguzma28258,Aisha Guzman,0.0,3.0,2.0,0.0,26,3.1211498973305956,0,1,0,0
aiyankarimi3312,A_K70,55.0,394.0,1300.0,0.13924050632911392,35,1.2867898699520877,0,1,0,5
aj_torgheh,Amin Jamshidi,503.0,410.0,1290.0,1.2238442822384428,158,5.371663244353183,0,1,0,5
aj1p8cn3ma859xl,GabrielleBenjamin,49.0,1270.0,0.0,0.03855232100708104,0,1.0376454483230664,0,1,0,0
ajamiamin,amin ajami,30.0,2372.0,20.0,0.012642225031605562,34,11.373032169746748,0,1,0,5
ajan_iran,پاسبان,823.0,963.0,1349.0,0.8537344398340249,31,12.785763175906913,0,1,1,4
ajarabic,قناة الجزيرة,0.0,26.0,1349.0,0.0,69,19.288158795345655,0,1,0,3
ajatashatru,daniel mabsout,430.0,497.0,1350.0,0.8634538152610441,125,17.11978097193703,0,1,0,5
ajaykum78488191,Ajaykumar Singh,72.0,799.0,561.0,0.09,20,5.448323066392882,0,1,0,5
ajbends,big boy synthetique,0.0,1286.0,1350.0,0.0,38,14.620123203285422,0,1,0,3
ajdarbekbosynov,Айдар Бекбосынов,0.0,73.0,5.0,0.0,13,4.5338809034907595,0,1,0,0
ajdemarang,Ajdemarang 🇮🇷 اژدمارنگ,0.0,1139.0,1353.0,0.0,85,13.867214236824093,0,1,0,3
ajenews,Al Jazeera Breaking News,0.0,166.0,1353.0,0.0,153,17.61806981519507,0,1,0,3
ajgerimsag41079,Айгерим Сагындыкова,1.0,35.0,3.0,0.027777777777777776,0,2.3709787816563996,0,1,0,0
aji_fellowships,Allbritton Journalism Institute,1029.0,20.0,26.0,49.0,0,3.4496919917864477,0,1,0,7
ajibzade,عجیب زاده,0.0,575.0,1356.0,0.0,56,10.286105407255304,0,1,0,3
ajik38933950,Ajik,6.0,145.0,4469.0,0.0410958904109589,28,6.787132101300479,0,1,0,3
ajmaldashti17,Ajmal Dashti,0.0,81.0,0.0,0.0,0,0.9527720739219713,0,1,0,0
ajmalzamani4,Ajmal Zamani,6.0,256.0,5.0,0.023346303501945526,0,3.9534565366187544,0,1,0,0
ajmanclub,نادي عجمان,0.0,24.0,1356.0,0.0,112,14.702258726899384,0,1,0,3
ajmanclub_en,Ajman club - En,1274.0,3.0,1992.0,318.5,38,8.618754277891854,0,1,0,7
ajnlive,Alex Jones Network,0.0,118.0,1348.0,0.0,131,1.8672142368240932,0,1,0,3
ajos,Alex Josephson,0.0,2812.0,8239.0,0.0,73,17.371663244353183,0,1,0,3
ajplus,AJ+,0.0,247.0,1357.0,0.0,160,16.449007529089666,0,1,0,3
ajstream,The Stream,0.0,836.0,1356.0,0.0,104,15.534565366187543,0,1,0,3
ajturk,Al Jazeera Türk,0.0,7.0,1357.0,0.0,134,15.534565366187543,0,1,0,3
ak_rogue_,𓆩AkrΩguE𓆪,9.0,51.0,132.0,0.17307692307692307,37,6.203969883641341,0,1,0,3
ak1980777,五郎人格,0.0,46.0,58.0,0.0,0,2.3709787816563996,0,1,0,0
akaleditor,EDICIONES AKAL,0.0,2139.0,1357.0,0.0,111,14.45037645448323,0,1,0,3
akash551788875,Akash55,0.0,13.0,31.0,0.0,0,1.78507871321013,0,1,0,0
akbar50847775,Akbar,8.0,64.0,34.0,0.12307692307692308,0,6.286105407255304,0,1,0,0
akbarabasi13481,Akbar.A,51.0,91.0,1922.0,0.5543478260869565,0,9.700205338809035,0,1,0,0
akbarghasemi62,Akbar Ghasemi,28.0,122.0,537.0,0.22764227642276422,0,4.120465434633813,0,1,0,0
akbarkhan025,Akbar kakar,3.0,141.0,12.0,0.02112676056338028,16,0.7008898015058179,0,1,0,0
akbarsahmed,Akbar Shahid Ahmed,0.0,3880.0,1361.0,0.0,164,15.039014373716633,0,1,0,3
akbrohi09,Ak Brohi,42.0,1573.0,46.0,0.026683608640406607,0,9.371663244353183,0,1,0,5
akbrzadh35412,رحیم اکبرزاده,0.0,44.0,0.0,0.0,0,0.6187542778918549,0,1,0,0
akef1680,Akef,6.0,50.0,1261.0,0.11764705882352941,0,0.9527720739219713,0,1,0,0
akguitarman49,john kelly,9.0,349.0,660.0,0.025714285714285714,129,0.6187542778918549,0,1,0,3
akhavan_mina,Mina Akhavan,0.0,6.0,0.0,0.0,0,11.121149897330595,0,1,0,0
akhavanbahar,Bahar Akhavan,89.0,227.0,81.0,0.39035087719298245,61,2.535249828884326,0,1,0,5
akhbare_fori,خبرفوری,0.0,34.0,1378.0,0.0,81,9.037645448323067,0,1,0,1
akhgar_maryam,Maryam Akhgar,51.0,67.0,11.0,0.75,25,4.952772073921971,0,1,0,5
akhoundiabbas,Abbas Akhoundi | عباس آخوندی,0.0,565.0,1457.0,0.0,151,5.700205338809035,0,1,1,4
akiali43488770,Aki Ali,0.0,48.0,0.0,0.0,0,3.701574264202601,0,1,0,0
akmalkhan186861,Akmal Khan,4.0,49.0,1.0,0.08,0,1.0376454483230664,0,1,0,0
akram1445449,Akram,71.0,2043.0,14.0,0.034735812133072405,0,1.5331964407939767,0,1,0,0
akramipmp,Saeed Akrami,13.0,166.0,0.0,0.07784431137724551,0,1.2046543463381245,0,1,0,0
akramsharifi,akram sharifi,0.0,1591.0,1386.0,0.0,26,13.533196440793978,0,1,0,1
akshayk11339456,akshay kumar,1.0,98.0,47.0,0.010101010101010102,147,3.1211498973305956,0,1,0,3
akt,AKT,3018.0,650.0,845.0,4.635944700460829,28,17.286789869952088,0,1,0,5
akumafeelings,👹 AKUMA 👹,5372.0,4139.0,1386.0,1.297584541062802,111,9.78507871321013,0,1,0,5
akurenadna21593,Adnan Aküren,0.0,2.0,0.0,0.0,0,0.6187542778918549,0,1,0,0
akvanian,Reza Akvanian,0.0,613.0,5044.0,0.0,0,14.3709787816564,0,1,0,3
al_ardwi,عبــــاس العـــرداوي,0.0,2085.0,7773.0,0.0,153,7.2881587953456535,0,1,0,3
al_bayynat,شبكة البينات الثقافية,0.0,1.0,2377.0,0.0,32,2.0369609856262834,0,1,0,3
al_bayynat2,شبكة البينات الثقافية (احتياطي),0.0,1.0,3055.0,0.0,45,6.119096509240246,0,1,0,3
al_firas999,Firas Al Mashhadani,26.0,162.0,43.0,0.15950920245398773,0,0.8678986995208761,0,1,0,6
al_hydr16787,حيدر العوادي,0.0,14.0,0.0,0.0,0,0.6187542778918549,0,1,0,0
al_kascom,صحيفة الكأس,0.0,13.0,1400.0,0.0,93,14.3709787816564,0,1,0,3
al_sharifzadeh,علی شریف زاده اردکانی,4540.0,367.0,847.0,12.33695652173913,58,6.3709787816564,0,1,0,1
al_thawaq,احمد الذواق,0.0,455.0,1400.0,0.0,75,13.618069815195073,0,1,0,3
al3_hacker,AL3,0.0,25.0,247.0,0.0,106,13.119780971937029,0,1,1,4
al3151644276727,Al,1.0,34.0,18.0,0.02857142857142857,0,2.869267624914442,0,1,0,0
al3a6eeb,طلال عبدالله الرشيد,0.0,3517.0,1390.0,0.0,77,14.620123203285422,0,1,0,3
al3mlaa81,د/العملاق,0.0,167.0,1386.0,0.0,14,13.700205338809035,0,1,0,3
ala_ti_ti,الا‌ تى‌تى,2447.0,546.0,1400.0,4.473491773308958,52,8.785763175906913,0,1,0,5
ala_tre6,A.,0.0,50.0,8.0,0.0,44,2.2039698836413417,0,1,0,0
alaaalwaly1,@alaaalwaly1,31.0,558.0,4.0,0.055456171735241505,29,9.533196440793978,0,1,0,5
alahly,‏النادي الأهلي,0.0,37.0,1400.0,0.0,120,13.371663244353183,0,1,0,3
alahlyenglish,Al Ahly SC 🇬🇧,0.0,30.0,1346.0,0.0,116,11.039014373716633,0,1,0,3
alahlyfrancais,Al Ahly SC 🇫🇷,0.0,27.0,1346.0,0.0,94,8.28747433264887,0,1,0,3
alahmdii9,Ahmed,3.0,80.0,26.0,0.037037037037037035,0,6.620123203285421,0,1,0,0
alahwazireza,Alahwazi Ridha,389.0,397.0,665.0,0.9773869346733668,0,9.44832306639288,0,1,0,5
alaina32h,Alaina,1198.0,1759.0,434.0,0.6806818181818182,59,11.953456536618754,0,1,0,5
alainfcae,نادي العين,0.0,19.0,1347.0,0.0,36,15.039014373716633,0,1,0,3
alaki_,Pourya,2705.0,1428.0,1347.0,1.892932120363891,154,15.786447638603697,0,1,0,1
alalehkamranlaw,"Alaleh Kamran, Esq.",1435.0,1323.0,5636.0,1.0838368580060422,150,17.371663244353183,0,1,1,4
alamsooz,رند عالم سوز Rende-Alamsooz,48.0,182.0,1513.0,0.26229508196721313,47,8.205338809034908,0,1,0,5
alamyn39470,محمد الامين الضبيبي,73.0,919.0,101.0,0.07934782608695652,0,0.8678986995208761,0,1,0,0
alan_pez_perrie,Alan Perrie 🦁,340.0,5662.0,1347.0,0.06003884866678439,105,16.700889801505816,0,1,0,5
alan1234454,ئالان,42.0,184.0,435.0,0.22702702702702704,0,2.2861054072553046,0,1,0,0
alanbro79651597,Alan Brown,0.0,11.0,0.0,0.0,0,4.952772073921971,0,1,0,0
alanciwanc41267,alanciwan ciwan,33.0,2281.0,1.0,0.014460999123575811,0,1.5331964407939767,0,1,0,0
alandersh,Alan Dershowitz,0.0,154.0,5041.0,0.0,139,14.869267624914443,0,1,0,3
alaneyre1,Alan Eyre,1.0,87.0,0.0,0.011363636363636364,147,15.206023271731691,0,1,1,4
alanwake,Alan Wake 2,0.0,16.0,1465.0,0.0,157,17.371663244353183,0,1,0,3
alarabiya_brk,العربية عاجل,0.0,49.0,1356.0,0.0,29,17.371663244353183,0,1,0,3
alarabiya_eng,Al Arabiya English,0.0,53.0,1356.0,0.0,59,17.44832306639288,0,1,0,3
alarabiya_fa,العربیه فارسی,0.0,45.0,1356.0,0.0,70,17.371663244353183,0,1,0,6
alarabytv,التلفزيون العربي,0.0,11.0,1356.0,0.0,95,12.28747433264887,0,1,0,3
alastairmurra18,Alastair Murray,347.0,3178.0,154.0,0.10915382195659012,0,4.372347707049966,0,1,0,0
alavi2183,علی علوی,5910.0,3195.0,1356.0,1.8491864831038798,139,9.286789869952088,0,1,1,4
alavibehrang,Behrang Alavi,0.0,101.0,1740.0,0.0,24,10.45037645448323,0,1,0,1
alawamiaqe84264,Aqeela Alawami,8.0,130.0,4.0,0.061068702290076333,0,2.535249828884326,0,1,0,0
albankaldawli,مجموعة البنك الدولي,0.0,313.0,1356.0,0.0,119,15.373032169746748,0,1,0,3
albayannews,صحيفة البيان,0.0,96.0,1356.0,0.0,46,16.449007529089666,0,1,0,3
albertcamus7700,Albert camus,252.0,6861.0,315.0,0.03672398717575051,87,1.78507871321013,0,1,0,5
albionroar,Albion Roar BHAFC,9733.0,1030.0,0.0,9.440349175557712,161,16.205338809034906,0,1,0,5
alborznazariz,Alborz Nazari,147.0,310.0,1959.0,0.47266881028938906,102,5.371663244353183,0,1,0,5
alchemyamerican,Jesse Michels,0.0,667.0,2839.0,0.0,96,5.7850787132101305,0,1,0,3
alcides,Alcides Fonseca,1893.0,2921.0,2203.0,0.6478439425051334,62,19.288158795345655,0,1,0,5
alcuiqieh23641,Alcuiqieh,33.0,1265.0,0.0,0.026066350710900472,0,0.7008898015058179,0,1,0,0
aldesjonqueres,Anne-Laure Desjonquères,375.0,220.0,256.0,1.6968325791855203,95,3.9534565366187544,0,1,0,5
aldo369369369,Alireza Dolatshahi-Pirouz,0.0,5503.0,1092.0,0.0,152,11.534565366187543,0,1,0,3
aleaguewomen,Ninja A-League,0.0,2092.0,1356.0,0.0,115,13.952087611225188,0,1,0,3
aleahmikul20525,Princess Queen Aalieyaah Aleah Alal,116.0,1678.0,59.0,0.06908874329958309,0,2.620123203285421,0,1,0,0
aleborghi_,Alessandro Borghi,0.0,208.0,1525.0,0.0,7,14.45037645448323,0,1,0,3
alecbaldwln____,AlecBaldwin,0.0,292.0,2595.0,0.0,38,14.036960985626283,0,1,0,3
alecknowsads,Alec Lopez,81.0,271.0,941.0,0.2977941176470588,32,10.869267624914443,0,1,0,5
alejandrareyesc,Alejandra Reyes,803.0,884.0,7815.0,0.9073446327683616,68,15.534565366187543,0,1,0,5
alessandrobanfi,Alessandro Banfi,5354.0,1465.0,2346.0,3.6521145975443385,33,14.702258726899384,0,1,0,5
alex4380145476,abbas,48.0,679.0,1.0,0.07058823529411765,0,1.9520876112251881,0,1,0,0
alex99889,alex,750.0,7499.0,3214.0,0.1,0,7.039014373716633,0,1,0,1
alexanderdecroo,Alexander De Croo 🇺🇳,0.0,335.0,1376.0,0.0,134,17.204654346338124,0,1,0,3
alexanderklee,Alexander K Lee,5696.0,613.0,1376.0,9.276872964169382,123,14.203969883641342,0,1,0,5
alexanderm18395,Alexander McPhail,552.0,1816.0,1376.0,0.3037974683544304,144,3.1211498973305956,0,1,0,5
alexbozmorty,Novak Djokovic Fans Australia,3084.0,3193.0,1376.0,0.965560425798372,10,12.618754277891854,0,1,0,5
alexcallens06,alexander,0.0,194.0,1060.0,0.0,80,14.535249828884325,0,1,0,3
alexcurran95,𝐀𝐥𝐞𝐱 𝐂𝐮𝐫𝐫𝐚𝐧,2603.0,7343.0,1376.0,0.35443899782135074,0,7.701574264202601,0,1,0,5
alexerventure,alexerventure,446.0,6254.0,932.0,0.07130295763389288,12,18.3709787816564,0,1,0,5
alexeygorboot,Alexey Gorboot,0.0,242.0,2237.0,0.0,93,6.286105407255304,0,1,0,3
alexferra,Alex Ferra,555.0,78.0,462.0,7.025316455696203,99,17.11978097193703,0,1,0,5
alexholiga,Aleksandar Holiga,7784.0,492.0,1376.0,15.789046653144016,131,14.203969883641342,0,1,0,5
alexkaplan0,Alex Kaplan,0.0,2130.0,2372.0,0.0,138,7.121149897330596,0,1,0,3
alexkennedynba,Alex Kennedy,0.0,4450.0,1376.0,0.0,143,17.371663244353183,0,1,0,3
alexkrodriguez,"Alex Rodriguez, MPH",1359.0,1692.0,914.0,0.8027170702894271,162,4.372347707049966,0,1,0,5
alexlaughs,alex sujong laughlin,0.0,2325.0,200.0,0.0,146,15.7015742642026,0,1,0,3
alexmarlow,Alex Marlow,0.0,271.0,7396.0,0.0,132,17.533196440793976,0,1,0,3
alexnguyen15895,Dr tuyan,0.0,22.0,1.0,0.0,14,1.1197809719370295,0,1,0,0
alexp_ecb,Alex pr 🇳🇱,184.0,1196.0,2822.0,0.15371762740183792,53,6.535249828884326,0,1,0,5
alexphillips8,Alex Phillips,518.0,2215.0,515.0,0.23375451263537905,154,15.206023271731691,0,1,0,5
alexpico,Alex WH,471.0,1865.0,1121.0,0.25241157556270094,0,17.11978097193703,0,1,0,5
alexpombo489762,Alex Pombo,224.0,4393.0,2385.0,0.05097860719162494,139,1.4483230663928817,0,1,0,5
alexsteeleopal,Alex Steele,986.0,228.0,486.0,4.3056768558951966,40,2.1190965092402463,0,1,0,5
alexvespi,Alessandro Vespignani,0.0,1320.0,1381.0,0.0,67,14.203969883641342,0,1,0,3
alexvizorek,Alex Vizorek,0.0,2657.0,1381.0,0.0,150,16.53388090349076,0,1,0,3
alfa12365770,Alfa,2.0,23.0,1.0,0.08333333333333333,0,3.9534565366187544,0,1,0,0
alfirinmag52045,Magol Alfirin,1.0,30.0,0.0,0.03225806451612903,8,0.6187542778918549,0,1,0,0
alfrewoodard,Alfre Woodard,0.0,318.0,1119.0,0.0,13,13.952087611225188,0,1,0,3
alga_kazakhstan,"Алга, Казахстан!",2459.0,1032.0,1381.0,2.3804453049370764,0,15.534565366187543,0,1,0,5
alghadeer_tv,قناة الغدير,0.0,24.0,1381.0,0.0,128,12.120465434633813,0,1,0,3
alghadtv,قناة الغد,0.0,1.0,1381.0,0.0,69,14.620123203285422,0,1,0,3
algroonahmed,أحمد القرون,0.0,1091.0,1381.0,0.0,54,11.373032169746748,0,1,0,3
alhassanhu41917,Alhassan Hussaini,37.0,604.0,158.0,0.06115702479338843,147,2.2039698836413417,0,1,0,5
alhdedeabd92383,Abd Alhdede,0.0,5.0,0.0,0.0,0,0.6187542778918549,0,1,0,0
alhilal_en,AlHilal Saudi Club,0.0,82.0,1384.0,0.0,122,16.78576317590691,0,1,0,3
alhilal_fc,نادي الهلال السعودي,0.0,79.0,1384.0,0.0,133,17.286789869952088,0,1,0,3
alhilal_sg,ألعاب الهلال المختلفة,0.0,6.0,2339.0,0.0,112,17.204654346338124,0,1,0,3
alhmdanykh57899,KHERALH Alhmdany,0.0,38.0,0.0,0.0,0,0.6187542778918549,0,1,0,0
alhumma,Al Humma,0.0,7.0,0.0,0.0,46,0.6187542778918549,0,1,0,0
ali__darghahi,ali,4.0,27.0,2.0,0.14285714285714285,0,3.868583162217659,0,1,0,0
ali__erfani110,Alierfani,5.0,4.0,3.0,1.0,0,5.700205338809035,0,1,0,0
ali_0909a,36🏆Ali,755.0,1099.0,36.0,0.6863636363636364,61,6.3709787816564,0,1,0,5
ali_94355,a‌,0.0,49.0,12.0,0.0,0,2.3709787816563996,0,1,0,0
ali_ahmadnia,Ali Ahmadnia | علی‌ احمدنیا,0.0,1755.0,1332.0,0.0,70,13.533196440793978,0,1,1,4
ali_al_najafy,الشيخ علي النجفي,0.0,26.0,4821.0,0.0,21,15.449691991786448,0,1,0,3
ali_albadiri90,ali.albadiri,2.0,51.0,0.0,0.038461538461538464,142,1.4483230663928817,0,1,0,3
ali_arsalan72,Ali Arsalan,32.0,9.0,0.0,3.2,0,8.038329911019849,0,1,0,0
ali_babaa1234,Ali,1.0,34.0,0.0,0.02857142857142857,0,1.8672142368240932,0,1,0,0
ali_bitarafan5,علی بیطرفان,0.0,3941.0,1332.0,0.0,50,9.119780971937029,0,1,0,1
ali_cheshomi,علی چشمی,4919.0,202.0,1651.0,24.23152709359606,40,9.867214236824093,0,1,1,4
ali_damghani_84,Alireza Damghani,14.0,313.0,7.0,0.044585987261146494,127,1.700205338809035,0,1,1,4
ali_esmaili99,Ali.Esmaili,0.0,31.0,1.0,0.0,0,0.6187542778918549,0,1,0,0
ali_f_alizada,Ali Alizada 🇦🇿,0.0,182.0,8912.0,0.0,155,9.867214236824093,0,1,1,4
ali_geraei,Mohammad Ali Geraei,221.0,18.0,28.0,11.631578947368421,144,8.372347707049967,0,1,0,1
ali_ghm1993,Ali Ghiamy,7.0,669.0,19.0,0.010447761194029851,0,2.0369609856262834,0,1,0,0
ali_hedielou,علی هدیه لو,0.0,2978.0,1332.0,0.0,149,12.28747433264887,0,1,1,4
ali_khezrian,علی خضریان | Ali Khezrian 🇮🇷,0.0,527.0,5747.0,0.0,148,8.120465434633813,0,1,1,4
ali_koleini,paper_jean,89.0,0.0,339.0,89.0,0,6.119096509240246,0,1,0,7
ali_noorani_teh,Ali Noorani,3781.0,1259.0,1332.0,3.000793650793651,129,15.619438740588638,0,1,1,4
ali_rajabi,علی رجبی Ali Rajabi 🇮🇷,0.0,998.0,1332.0,0.0,91,15.121149897330595,0,1,0,1
ali_rezaei_sh,علی رضایی,2092.0,281.0,1332.0,7.418439716312057,22,8.618754277891854,0,1,0,1
ali_sadeghloo,ali sadeghloo,43.0,542.0,10.0,0.07918968692449356,0,13.44832306639288,0,1,0,0
ali_shahoum,Ali,9.0,190.0,14.0,0.04712041884816754,6,9.700205338809035,0,1,0,1
ali_tavakoli_28,hopkinz,90.0,128.0,1448.0,0.6976744186046512,40,13.618069815195073,0,1,0,1
ali12793587,Ali,0.0,1.0,0.0,0.0,0,4.5338809034907595,0,1,0,0
ali1427_rad,Ali rad 109,0.0,119.0,27.0,0.0,0,1.700205338809035,0,1,0,0
ali41766,Ali Yalcin,2.0,40.0,0.0,0.04878048780487805,0,0.6187542778918549,0,1,0,0
ali564m50784,Ali564 M,0.0,24.0,0.0,0.0,0,0.7008898015058179,0,1,0,0
ali593633698253,ali,0.0,11.0,1.0,0.0,0,0.6187542778918549,0,1,0,0
ali7osain,Dr.ali alshekarchi,554.0,703.0,3558.0,0.7869318181818182,157,15.288158795345653,0,1,0,5
ali94185358,Ali,8.0,62.0,3.0,0.12698412698412698,22,6.787132101300479,0,1,0,0
aliaalei,علی عالی🇮🇷,0.0,182.0,4670.0,0.0,97,9.44832306639288,0,1,0,1
aliabc1500,Ali,58.0,203.0,8.0,0.28431372549019607,0,0.8678986995208761,0,1,0,0
aliabz429014,Ali Abz,27.0,563.0,0.0,0.047872340425531915,0,1.78507871321013,0,1,0,0
aliahmadolfati,AliAhmad olfati,197.0,2519.0,27.0,0.07817460317460317,19,11.868583162217659,0,1,0,1
alialahmed_en,Ali AlAhmed,0.0,1374.0,1332.0,0.0,76,14.3709787816564,0,1,0,3
alialiraouf2,ali raouf,51.0,348.0,1408.0,0.14613180515759314,99,12.372347707049967,0,1,0,3
alialjabiri,د. علي الجابري,0.0,989.0,1332.0,0.0,136,16.372347707049965,0,1,0,3
alialkhalede,علي الخالدي - Ali al-Khalidi,0.0,136.0,3705.0,0.0,85,6.954140999315538,0,1,0,3
aliam_es,ایی اِس,4324.0,4447.0,1334.0,0.9721223021582733,36,4.700889801505818,0,1,0,5
aliamoayed,Alireza A. Moayed,4.0,31.0,0.0,0.125,0,9.037645448323067,0,1,0,0
alian2025,adele alian,1.0,58.0,0.0,0.01694915254237288,0,1.2046543463381245,0,1,0,0
aliansari84,Ali Ansari,742.0,1928.0,1334.0,0.3846552617936755,153,12.618754277891854,0,1,1,4
aliaref_,ali aref 🇮🇷,508.0,646.0,1334.0,0.7851622874806801,67,2.2861054072553046,0,1,0,5
aliashtiani12,Ali Ashtiani,26.0,813.0,0.0,0.03194103194103194,0,3.868583162217659,0,1,0,0
aliaydinfromaz,AliAydin,30.0,84.0,260.0,0.35294117647058826,0,1.6180698151950719,0,1,0,0
aliazarids,Ali Azari,7.0,66.0,0.0,0.1044776119402985,0,0.785763175906913,0,1,0,0
aliazimimusic,Ali Azimi,0.0,812.0,5552.0,0.0,46,16.28747433264887,0,34,0,2
alibahaadori,علی بهادری جهرمی,0.0,138.0,2464.0,0.0,79,7.868583162217659,0,1,0,1
alibarghi1,Alireza Soleimanpour,4.0,84.0,11.0,0.047058823529411764,0,9.037645448323067,0,1,0,0
alibazdarian,Alibazdarian65,168.0,1256.0,19.0,0.13365155131264916,33,4.120465434633813,0,1,0,5
aliceciottolina,_soloalice,7.0,22.0,1.0,0.30434782608695654,147,14.954140999315538,0,1,0,3
aliceparkny,Alice Park,0.0,469.0,4818.0,0.0,156,17.371663244353183,0,1,0,3
alicetheca7,alicethecat,0.0,3.0,0.0,0.0,0,0.9527720739219713,0,1,0,0
aliciamata77,ALICIA MATA,0.0,24.0,0.0,0.0,0,0.6187542778918549,0,1,0,0
aliciasummerstv,Alicia Summers,6142.0,854.0,2578.0,7.1836257309941525,146,17.44832306639288,0,1,0,5
alie89700828,alie,37.0,549.0,9.0,0.06727272727272728,0,5.700205338809035,0,1,0,0
aliebrahimzade_,Ali Ebrahimzadeh,0.0,731.0,1364.0,0.0,60,11.288158795345653,0,1,0,3
aliesmaeilib,Ali,0.0,15.0,0.0,0.0,0,0.6187542778918549,0,1,0,0
alietamedia,علی اعطا,0.0,1202.0,4615.0,0.0,102,9.78507871321013,0,1,1,4
alighadimiai,Ali Ghadimi,57.0,86.0,18.0,0.6551724137931034,88,16.78576317590691,0,1,0,3
alighasemi0011,Ali Ghasemi,51.0,98.0,1381.0,0.5151515151515151,12,1.2046543463381245,0,1,0,1
alih1039071,Ali H,0.0,10.0,0.0,0.0,0,0.7008898015058179,0,1,0,0
alihamedanii,Ali Hamedani,0.0,3947.0,1364.0,0.0,122,19.20602327173169,0,1,1,4
alihamid27,Ali Hamid,0.0,438.0,7790.0,0.0,32,8.618754277891854,0,1,0,3
alihaqiqi399879,Ali Haqiqi,0.0,5.0,0.0,0.0,0,0.6187542778918549,0,1,0,0
alihars6,سبزی پلو با ماهی,155.0,304.0,183.0,0.5081967213114754,10,4.785763175906913,0,1,0,5
alihashemi78849,ali hshemi,324.0,3386.0,639.0,0.09565987599645705,0,1.2867898699520877,0,1,0,0
alihgh1393,"Z,Z,A,R_H,C,H,",74.0,153.0,226.0,0.4805194805194805,155,3.1211498973305956,0,1,1,4
alihoseini692,Ali Hoseini,6.0,107.0,4.0,0.05555555555555555,33,6.535249828884326,0,1,0,1
aliibeyranvand,Alireza Beyranvand,0.0,28.0,52.0,0.0,54,6.286105407255304,0,1,1,4
aliidaeii,Ali Daei,0.0,3.0,64.0,0.0,0,4.287474332648871,0,1,0,1
aliiiiinaderi8,🌋Ali Naderi,18.0,645.0,0.0,0.02786377708978328,0,1.0376454483230664,0,1,0,0
aliiorgi,✪ALI✪,722.0,746.0,7052.0,0.9665327978580991,19,1.8672142368240932,0,1,0,5
alijafarifo,علیج,248.0,193.0,2174.0,1.2783505154639174,141,15.868583162217659,0,1,0,1
alijalizi8,علي,0.0,11.0,0.0,0.0,0,1.2046543463381245,0,1,0,0
alijan2056,Ali,8.0,73.0,4.0,0.10810810810810811,0,11.7015742642026,0,1,0,0
alijannatpour,Ali Jannatpour,35.0,249.0,1280.0,0.14,0,11.619438740588638,0,1,0,0
alijoonz121,مرغ انجيرخوار,0.0,1658.0,1370.0,0.0,29,8.038329911019849,0,1,0,1
alijumadaaltha,The Uncovering Journal,47.0,207.0,20.0,0.22596153846153846,46,4.03832991101985,0,1,0,5
alikalaei62,Ali Kalaei,5599.0,4991.0,1373.0,1.1215945512820513,119,11.619438740588638,0,1,0,5
alikalhamadi,Ali Al-Hamadi,0.0,27.0,249.0,0.0,0,8.205338809034908,0,1,0,0
alikarimdoost91,علی کریمدوست پهمدانی,554.0,7490.0,4649.0,0.07395541316246163,29,0.8678986995208761,0,1,0,1
alikarimi_ak8,ali karimi,0.0,30.0,631.0,0.0,0,8.618754277891854,0,28,0,2
alikhani_reza,M.R.Alikhani,1.0,58.0,5.0,0.01694915254237288,0,11.373032169746748,0,1,0,0
alilarijani_ir,Ali Larijani | علی لاریجانی,0.0,2.0,355.0,0.0,10,5.204654346338125,0,22,0,2
alimajidi65256,Ali Majidi,0.0,14.0,2.0,0.0,0,0.6187542778918549,0,1,0,0
alimarouf153082,Ali,241.0,3122.0,2584.0,0.0771693884085815,0,1.6180698151950719,0,1,0,0
alimeelad94,Mohammed Ali,89.0,305.0,1916.0,0.2908496732026144,0,8.785763175906913,0,1,0,5
alimir43,ali mir,0.0,10.0,0.0,0.0,30,2.702258726899384,0,1,0,0
alimohammadkhn,A.M,1.0,24.0,13.0,0.04,0,0.6187542778918549,0,1,0,0
alimojtahedzad3,ali mojtahedzadeh,0.0,288.0,8483.0,0.0,73,7.039014373716633,0,1,0,3
alimokhtari102,Ali Mokhtari,82.0,148.0,1401.0,0.5503355704697986,47,5.286789869952088,0,1,0,5
alimotie1318,Parsi,160.0,753.0,4588.0,0.21220159151193635,44,1.1197809719370295,0,1,0,5
alimoujani,علی موجانی Ali MOUJANI,3023.0,444.0,3172.0,6.793258426966292,159,13.700205338809035,0,1,1,4
alimr70141,MrRezaeiAli,1.0,34.0,0.0,0.02857142857142857,62,0.7008898015058179,0,1,0,1
alinaghi2018,AliNaghi,5675.0,1284.0,1150.0,4.416342412451362,0,8.372347707049967,0,1,0,5
alinazari42166,Ali Nazari,4.0,75.0,0.0,0.05263157894736842,0,0.6187542778918549,0,1,0,0
alinazarij,Ali Nazari Jouybari,517.0,4.0,7.0,103.4,56,1.2046543463381245,0,1,1,7
alinezhadi5,Ali Nezhadi,64.0,1021.0,0.0,0.06262230919765166,0,4.952772073921971,0,1,0,0
alinhotornado1,Alinho Tornado,7.0,125.0,64.0,0.05555555555555555,69,12.952772073921972,0,1,0,3
alir33al,Ali,0.0,70.0,0.0,0.0,2,1.3716632443531827,0,1,0,0
alirabiei_iran,Ali Rabiei,7806.0,0.0,548.0,7806.0,48,5.371663244353183,0,1,0,7
aliramez2,Aliramez,7.0,57.0,105.0,0.1206896551724138,0,12.038329911019849,0,1,0,0
alire0860,alishz,1.0,32.0,2.0,0.030303030303030304,0,0.9527720739219713,0,1,0,0
alireza__ziyaei,Alireza Ziaee,0.0,45.0,0.0,0.0,0,0.6187542778918549,0,1,0,0
alireza_arg,Alireza Ghaffari,700.0,2287.0,3231.0,0.30594405594405594,131,8.372347707049967,0,1,0,1
alireza_didani,Alireza,134.0,58.0,1154.0,2.2711864406779663,0,9.204654346338124,0,1,0,0
alireza_kh29320,Alireza,29.0,509.0,15.0,0.056862745098039215,0,0.9527720739219713,0,1,0,0
alireza_van,Alireza L,1.0,43.0,1.0,0.022727272727272728,0,3.868583162217659,0,1,0,0
alireza4759,رضا,5.0,99.0,1732.0,0.05,77,10.45037645448323,0,1,0,3
alireza84808379,دموکراسی برابری انقلاب قانون,149.0,351.0,8996.0,0.42329545454545453,12,3.701574264202601,0,1,0,1
alirezaabasi_ir,علیرضا عباسی,2505.0,61.0,806.0,40.403225806451616,152,6.3709787816564,0,1,1,4
alirezaakhondi,Alireza Akhondi,0.0,115.0,3031.0,0.0,106,15.449691991786448,0,1,1,4
alirezaami58678,علیرضاامیری☫,1236.0,1994.0,1569.0,0.6195488721804512,32,1.9520876112251881,0,1,0,5
alirezaketabch3,alirezaketabchi,15.0,36.0,58.0,0.40540540540540543,32,6.535249828884326,0,1,0,0
alirezakiani2,Alireza Kiani,0.0,480.0,7356.0,0.0,12,14.3709787816564,0,1,0,3
alirezamm1992,Ali.M,1569.0,1719.0,1155.0,0.9122093023255814,119,7.868583162217659,0,1,0,1
alirezanader,Alireza Nader علیرضا نادر,0.0,5090.0,1154.0,0.0,48,14.45037645448323,0,1,0,3
alirezapunteha,alireza punteha,4.0,311.0,0.0,0.01282051282051282,0,3.701574264202601,0,1,0,0
alirezaroashan,علیرضا روشن,0.0,1286.0,1155.0,0.0,22,9.78507871321013,0,1,0,3
alirezasafarpo7,Alireza Safarpoor,7.0,122.0,77.0,0.056910569105691054,10,4.952772073921971,0,1,0,0
alirezasayeh,علیرضا سایه,0.0,21.0,1155.0,0.0,153,7.449691991786447,0,1,0,3
alirezasha,Alireza,863.0,179.0,0.0,4.794444444444444,0,19.288158795345655,0,1,0,0
alirezashayest1,Alireza Shayesteh,858.0,1990.0,0.0,0.430939226519337,6,10.702258726899384,0,1,0,5
alirezaw_77,Alireza Ejarestaghi,1.0,11.0,2.0,0.08333333333333333,37,3.786447638603696,0,1,0,0
alirezaysf00,Alireza Yosofi,1.0,16.0,0.0,0.058823529411764705,0,0.7008898015058179,0,1,0,0
alirostami89168,Ali Rostami,7.0,73.0,14.0,0.0945945945945946,0,0.6187542778918549,0,1,0,0
alisaberi1987,Alex,469.0,1634.0,633.0,0.2868501529051988,93,4.785763175906913,0,1,0,5
alisajed465625,ALI SAJED,304.0,956.0,77.0,0.3176593521421108,0,0.8678986995208761,0,1,0,0
alisakar030,Ali Şakar,6.0,164.0,0.0,0.03636363636363636,0,0.6187542778918549,0,1,0,0
alisakhravi80,Alisakhravi,18.0,333.0,4.0,0.05389221556886228,18,2.2039698836413417,0,1,0,5
aliscorban,Ali Sina,313.0,386.0,5014.0,0.8087855297157622,27,12.53388090349076,0,1,0,5
alishakourirad,علی‌شکوری‌راد,0.0,129.0,862.0,0.0,91,9.618069815195073,0,1,1,4
alishariat1380,محمدعلی,42.0,293.0,1.0,0.14285714285714285,11,2.1190965092402463,0,1,0,1
alishiri272750,Ali Shiri,0.0,5.0,0.0,0.0,0,1.0376454483230664,0,1,0,1
alisoleymaiii,مبارز صلح,13.0,244.0,57.0,0.053061224489795916,0,2.4503764544832305,0,1,0,0
alisongopnik,Alison Gopnik,0.0,35.0,1845.0,0.0,160,14.869267624914443,0,1,0,3
alistai73159680,Alistair Mckenzie,12.0,116.0,198.0,0.10256410256410256,0,4.287474332648871,0,1,0,0
aliturk43880,Ayigh Turk,187.0,1408.0,3653.0,0.1327182398864443,0,1.2867898699520877,0,1,0,0
alivesali,AliV5,654.0,1163.0,5311.0,0.5618556701030928,66,14.286105407255304,0,1,0,5
alivrd,Ali Vafaei Razdar,0.0,2.0,0.0,0.0,0,0.9527720739219713,0,1,0,0
aliyu_hass50470,Aliyu Adam Hassan,6.0,588.0,7.0,0.010186757215619695,0,3.0390143737166326,0,1,0,0
aliyuhy00700404,Aliyu Hydar,170.0,1575.0,149.0,0.10786802030456853,41,4.4490075290896645,0,1,0,5
alizafarha44881,Ali Zafar Hassani,1.0,38.0,0.0,0.02564102564102564,0,0.6187542778918549,0,1,0,0
alizamaniyan,Ali Zamaniyan,52.0,380.0,544.0,0.13648293963254593,0,15.786447638603697,0,1,0,0
aliziyak,Ali Ziya,0.0,90.0,6185.0,0.0,7,7.701574264202601,0,1,0,3
aljadyf,Aljady Franco,367.0,2327.0,6984.0,0.15764604810996563,53,10.787132101300479,0,1,0,5
alkrdyhsn9718,حسن الكردي,2.0,41.0,0.0,0.047619047619047616,0,1.0376454483230664,0,1,0,0
all_kapped,.,111.0,2343.0,2790.0,0.04735494880546075,27,6.450376454483231,0,1,0,5
allaboutargyle,The New Pilgrim,1917.0,167.0,1632.0,11.410714285714286,0,14.203969883641342,0,1,0,5
allanmau1992,Allan Mau,27.0,560.0,14.0,0.0481283422459893,0,2.2039698836413417,0,1,0,0
allawati,Abbas Al Lawati,7828.0,2389.0,0.0,3.2753138075313806,95,17.204654346338124,0,1,0,5
alldoaa110,الدعاء / prayer,686.0,2.0,698.0,228.66666666666666,103,6.036960985626283,0,1,0,7
allhamjdy48220,ذبیح‌الله امجدی,0.0,2.0,0.0,0.0,0,0.6187542778918549,0,1,0,0
allipayam,Hani Allipayam,36.0,19.0,1.0,1.8,0,8.700889801505818,0,1,0,0
allison61478051,Allison,2.0,10.0,5.0,0.18181818181818182,39,5.119780971937029,0,1,0,0
alltyf_,طيف سامي,0.0,11.0,234.0,0.0,0,3.786447638603696,0,1,0,0
allysonjsmith,Allyson June Smith,2842.0,946.0,3890.0,3.001055966209081,137,15.953456536618754,0,1,0,5
allytheluminus,Vicar~keepitDoPe🥂,41.0,256.0,33.0,0.15953307392996108,49,2.702258726899384,0,1,0,5
almaaward,Astrid Lindgren Memorial Award,2471.0,966.0,1894.0,2.5553257497414683,144,12.952772073921972,0,1,0,5
almaharel,Alma Har'el🌪 עלמה,0.0,1548.0,120.0,0.0,5,15.373032169746748,0,1,0,3
almergaw41256,Almergaw,22.0,1563.0,0.0,0.014066496163682864,0,1.0376454483230664,0,1,0,0
almghdmi,Ali,119.0,235.0,0.0,0.5042372881355932,16,4.287474332648871,0,1,0,0
almirasalsa918,mariaanderson ❥❥❥,448.0,1710.0,657.0,0.2618351841028638,19,13.867214236824093,0,1,0,5
almlkzhyr76434,زهير الملك,8.0,116.0,0.0,0.06837606837606838,0,0.6187542778918549,0,1,0,0
almodarresisays,كلمات المرجع المُدرِّسي,0.0,5.0,3620.0,0.0,97,13.119780971937029,0,1,0,3
almww10,almomo,19.0,776.0,9.0,0.02445302445302445,0,0.785763175906913,0,1,0,0
alnassr_sg,ألعاب النصر المختلفة و الفئات السنية,0.0,3.0,2912.0,0.0,140,4.700889801505818,0,1,0,3
alokobra1643794,alokobra,0.0,39.0,10.0,0.0,0,0.8678986995208761,0,1,0,0
alooupi61211,Alooupi,88.0,2288.0,0.0,0.03844473569244211,0,1.2867898699520877,0,1,0,0
alotlikebirds,A Lot Like Birds,0.0,222.0,1777.0,0.0,38,16.53388090349076,0,1,0,3
alpacinoih,alpacino,40.0,149.0,1261.0,0.26666666666666666,8,7.953456536618754,0,1,0,5
alpaolucci,Aaliyah🌸,1680.0,763.0,8839.0,2.1989528795811517,106,3.1211498973305956,0,1,0,5
alparsai,Ali Parsai,377.0,958.0,5809.0,0.3931178310740355,39,9.700205338809035,0,1,0,5
alpeeoqiw49588,Kelly Poe,27.0,1048.0,0.0,0.025738798856053385,0,0.785763175906913,0,1,0,0
alphard1black,Alphard (Taylor's Version),4211.0,920.0,0.0,4.572204125950054,47,6.119096509240246,0,1,0,5
alphawings,Luke ✍️ megahertz.sol,1855.0,1330.0,0.0,1.3936889556724268,83,19.121149897330596,0,1,0,5
alpsina89,Sina alp,87.0,651.0,40.0,0.1334355828220859,0,2.2861054072553046,0,1,0,0
alraqy51744,ابو نور العراقي,0.0,11.0,0.0,0.0,0,0.6187542778918549,0,1,0,0
alrfat13271,احمد صالح,362.0,5657.0,5.0,0.0639802050194415,0,2.7871321013004793,0,1,0,0
alrob844287,Rob,346.0,2133.0,587.0,0.16213683223992503,44,1.700205338809035,0,1,0,5
alrthaan21,فيصل الرثعآن,382.0,842.0,1057.0,0.4531435349940688,0,10.036960985626283,0,1,0,0
alsenysalifouc8,Alseny Salifou Camara,37.0,1360.0,8.0,0.02718589272593681,0,7.039014373716633,0,1,0,0
alshiraz1,Shiraz Habbib,270.0,2750.0,0.0,0.09814612868047982,0,11.953456536618754,0,1,0,6
alsreaei,Mohammed Alsreaei,61.0,702.0,2200.0,0.08677098150782361,45,9.952087611225188,0,1,0,5
alsynya1,أرض النفاق,220.0,1932.0,580.0,0.11381272633212623,0,4.618754277891855,0,1,0,0
altaf_awan12,Altaf K Awan,1054.0,451.0,1803.0,2.331858407079646,148,7.701574264202601,0,1,0,5
altalqany79443,محمد الطالقاني,0.0,6.0,0.0,0.0,0,0.6187542778918549,0,1,0,0
altendprod,Alt Ending Productions,601.0,0.0,2.0,601.0,0,5.119780971937029,0,1,0,7
alterfutbol,AlterFútbol Podcast,5702.0,58.0,553.0,96.64406779661017,154,7.121149897330596,0,1,0,7
altitudesr,92.5 FM - Denver's Altitude Sports Radio,0.0,978.0,92.0,0.0,153,10.3709787816564,0,1,0,3
altynay1989,Алтынай Аскаровна,0.0,1447.0,23.0,0.0,23,9.952087611225188,0,1,0,3
alwahda_int,Al Wahda FC - EN,6643.0,24.0,7329.0,265.72,53,13.037645448323067,0,1,0,7
alyamaniyeen,313اليماني515,77.0,989.0,1686.0,0.07777777777777778,0,2.4503764544832305,0,1,0,5
alybor11,Aly Borromeo,0.0,483.0,5034.0,0.0,49,15.534565366187543,0,1,0,3
alzindiana,Alzheimer's Association Greater Indiana Chapter,2667.0,1168.0,9573.0,2.281437125748503,121,14.620123203285422,0,1,0,5
am2002rmost,Amir,14.0,252.0,0.0,0.05533596837944664,0,3.373032169746749,0,1,0,0
amadei_paola,Paola Amadei,162.0,28.0,3.0,5.586206896551724,94,12.120465434633813,0,1,1,4
amaeibahar30792,Bahareh Amaei,1.0,83.0,0.0,0.011904761904761904,0,1.0376454483230664,0,1,0,0
amalsaad_lb,Amal Saad,0.0,1581.0,6163.0,0.0,116,8.785763175906913,0,1,0,3
,,0.0,0.0,0.0,0.0,0,6.203969883641341,0,0,0,0
