iteration,target_column,#classes,#class_0,#class_1,#class_2,min_class_size,training_type,K,algorithm,feature_set,Features_count,balanced,accuracy,precision,recall,F1,AUC
7,target_population,3,270,196,174,174,K-Fold,5,LogReg,numeric,11,True,0.553125,0.5768494438476665,0.553125,0.5503191757837506,0.7346697079321812
7,target_population,3,270,196,174,174,K-Fold,5,DecisionTree,numeric,11,True,0.4890625,0.4908969114020171,0.4890625,0.4897464550000419,0.6106561497119436
7,target_population,3,270,196,174,174,K-Fold,5,RandomForest,numeric,11,True,0.565625,0.5646521587598128,0.565625,0.5644768416498477,0.7187330129552836
7,target_population,3,270,196,174,174,K-Fold,5,SVM,numeric,11,True,0.5546875,0.5805199918615866,0.5546875,0.551213852217826,0.7268843249768009
7,target_population,3,270,196,174,174,K-Fold,5,AdaBoost,numeric,11,True,0.546875,0.5540934373825529,0.546875,0.5476773652101483,0.7195970172157136
7,target_population,3,270,196,174,174,K-Fold,5,XGBoost,numeric,11,True,0.5578125,0.5548947368421053,0.5578125,0.5548682127382359,0.7201102292609132
7,target_population,3,270,196,174,174,K-Fold,5,LogReg,numeric+iran,31,True,0.640625,0.6615308470452056,0.640625,0.645579763651835,0.8015780114207555
7,target_population,3,270,196,174,174,K-Fold,5,DecisionTree,numeric+iran,31,True,0.565625,0.5684630908847876,0.565625,0.5667050589079852,0.6708821482426633
7,target_population,3,270,196,174,174,K-Fold,5,RandomForest,numeric+iran,31,True,0.6671875,0.6645265032884435,0.6671875,0.6651288424958768,0.8074754551023663
7,target_population,3,270,196,174,174,K-Fold,5,SVM,numeric+iran,31,True,0.64375,0.6612167662257621,0.64375,0.64822493236699,0.8002095083951979
7,target_population,3,270,196,174,174,K-Fold,5,AdaBoost,numeric+iran,31,True,0.646875,0.6560356841927873,0.646875,0.649453079628179,0.8027574442736729
7,target_population,3,270,196,174,174,K-Fold,5,XGBoost,numeric+iran,31,True,0.6421875,0.6394888378842942,0.6421875,0.6400709368169567,0.7968698677889262
7,target_population,3,270,196,174,174,K-Fold,5,LogReg,desc+numeric,311,True,0.565625,0.5871896398307384,0.565625,0.5647109102599619,0.7431262113105596
7,target_population,3,270,196,174,174,K-Fold,5,DecisionTree,desc+numeric,311,True,0.5,0.5000479137406366,0.5,0.4999921289245548,0.6167623632215907
7,target_population,3,270,196,174,174,K-Fold,5,RandomForest,desc+numeric,311,True,0.5640625,0.5642464169356767,0.5640625,0.5639591653202036,0.7340519365261183
7,target_population,3,270,196,174,174,K-Fold,5,SVM,desc+numeric,311,True,0.559375,0.5898456141573275,0.559375,0.5561871751812187,0.7339152759250667
7,target_population,3,270,196,174,174,K-Fold,5,AdaBoost,desc+numeric,311,True,0.5359375,0.5387144996586248,0.5359375,0.5362723339033822,0.7188973977665972
7,target_population,3,270,196,174,174,K-Fold,5,XGBoost,desc+numeric,311,True,0.5546875,0.5524480438926384,0.5546875,0.5527418524453938,0.7259191037872637
7,target_population,3,270,196,174,174,K-Fold,5,LogReg,desc+numeric+iran,331,True,0.6421875,0.661172531512605,0.6421875,0.6462205896137982,0.8040289639156324
7,target_population,3,270,196,174,174,K-Fold,5,DecisionTree,desc+numeric+iran,331,True,0.571875,0.5721645332407241,0.571875,0.5719759669554054,0.6743794223407957
7,target_population,3,270,196,174,174,K-Fold,5,RandomForest,desc+numeric+iran,331,True,0.665625,0.6639622890924416,0.665625,0.6644915309873949,0.8125072693737193
7,target_population,3,270,196,174,174,K-Fold,5,SVM,desc+numeric+iran,331,True,0.6484375,0.6702917206650127,0.6484375,0.6523430131443986,0.7983172117262112
7,target_population,3,270,196,174,174,K-Fold,5,AdaBoost,desc+numeric+iran,331,True,0.640625,0.6559539666934548,0.640625,0.6437942347359735,0.7972031790709699
7,target_population,3,270,196,174,174,K-Fold,5,XGBoost,desc+numeric+iran,331,True,0.65,0.6460936082307758,0.65,0.6466484401935894,0.7979788633859182
7,target_population,3,270,196,174,174,K-Fold,5,LogReg,iran_only,20,True,0.5796875,0.5572965848707844,0.5796875,0.5447156864168142,0.7014029861070835
7,target_population,3,270,196,174,174,K-Fold,5,DecisionTree,iran_only,20,True,0.5421875,0.5246713362068964,0.5421875,0.49695373332341414,0.6037103514794302
7,target_population,3,270,196,174,174,K-Fold,5,RandomForest,iran_only,20,True,0.5921875,0.5878005146856361,0.5921875,0.5423291824677111,0.6974631939812668
7,target_population,3,270,196,174,174,K-Fold,5,SVM,iran_only,20,True,0.590625,0.5807752403846155,0.590625,0.5526033029297954,0.7136542551134826
7,target_population,3,270,196,174,174,K-Fold,5,AdaBoost,iran_only,20,True,0.5078125,0.5271397591981307,0.5078125,0.5148037160369459,0.6929913540820863
7,target_population,3,270,196,174,174,K-Fold,5,XGBoost,iran_only,20,True,0.5921875,0.5886478951770282,0.5921875,0.5470454649013174,0.6941698444689324
7,target_population,3,270,196,174,174,K-Fold,5,LogReg,tweets+numeric+iran,331,True,0.6640625,0.6922085192175704,0.6640625,0.6711952108976101,0.8146855878813362
7,target_population,3,270,196,174,174,K-Fold,5,DecisionTree,tweets+numeric+iran,331,True,0.59375,0.5961642196625567,0.59375,0.5945632213479539,0.6912587480184047
7,target_population,3,270,196,174,174,K-Fold,5,RandomForest,tweets+numeric+iran,331,True,0.6875,0.6867288507159196,0.6875,0.6864248768544419,0.8254788633859181
7,target_population,3,270,196,174,174,K-Fold,5,SVM,tweets+numeric+iran,331,True,0.675,0.7013616891064871,0.675,0.681443641400778,0.8149469560762478
7,target_population,3,270,196,174,174,K-Fold,5,AdaBoost,tweets+numeric+iran,331,True,0.6671875,0.6851210513338829,0.6671875,0.6722689586893413,0.8149463307862582
7,target_population,3,270,196,174,174,K-Fold,5,XGBoost,tweets+numeric+iran,331,True,0.6703125,0.6677339278195333,0.6703125,0.6679710668965749,0.81233592028187
7,target_population,2,270,196,0,196,K-Fold,5,LogReg,numeric,11,True,0.6781115879828327,0.6806677842345994,0.6781115879828327,0.6790784920647391,0.7434618291761149
7,target_population,2,270,196,0,196,K-Fold,5,DecisionTree,numeric,11,True,0.6244635193133047,0.6232000702710542,0.6244635193133047,0.6237602174624585,0.6130007558578987
7,target_population,2,270,196,0,196,K-Fold,5,RandomForest,numeric,11,True,0.6888412017167382,0.6871483770279284,0.6888412017167382,0.6877357708963164,0.7301681783824642
7,target_population,2,270,196,0,196,K-Fold,5,SVM,numeric,11,True,0.6695278969957081,0.6807973913676028,0.6695278969957081,0.6716129331815986,0.7240551776266062
7,target_population,2,270,196,0,196,K-Fold,5,AdaBoost,numeric,11,True,0.6952789699570815,0.6977486241413905,0.6952789699570815,0.6961943058212863,0.7523904006046862
7,target_population,2,270,196,0,196,K-Fold,5,XGBoost,numeric,11,True,0.6845493562231759,0.685239623395465,0.6845493562231759,0.6848661230106472,0.7259826152683295
7,target_population,2,270,196,0,196,K-Fold,5,LogReg,numeric+iran,31,True,0.7703862660944206,0.769095988950292,0.7703862660944206,0.768685667907218,0.8520408163265306
7,target_population,2,270,196,0,196,K-Fold,5,DecisionTree,numeric+iran,31,True,0.7381974248927039,0.7428617269377769,0.7381974248927039,0.7394304731858921,0.7377173091458805
7,target_population,2,270,196,0,196,K-Fold,5,RandomForest,numeric+iran,31,True,0.7939914163090128,0.7935012739784677,0.7939914163090128,0.7936869008919438,0.8701908541194255
7,target_population,2,270,196,0,196,K-Fold,5,SVM,numeric+iran,31,True,0.7832618025751072,0.7841493436054683,0.7832618025751072,0.779541449961403,0.8351473922902495
7,target_population,2,270,196,0,196,K-Fold,5,AdaBoost,numeric+iran,31,True,0.796137339055794,0.7952959241164403,0.796137339055794,0.7954130912768971,0.8686602418745275
7,target_population,2,270,196,0,196,K-Fold,5,XGBoost,numeric+iran,31,True,0.7875536480686696,0.7871552050875584,0.7875536480686696,0.78732131457297,0.863416477702192
7,target_population,2,270,196,0,196,K-Fold,5,LogReg,desc+numeric,311,True,0.6866952789699571,0.6876230275258963,0.6866952789699571,0.6871085785793364,0.7558390022675737
7,target_population,2,270,196,0,196,K-Fold,5,DecisionTree,desc+numeric,311,True,0.6330472103004292,0.6349494764196094,0.6330472103004292,0.6338564607171328,0.6260015117157975
7,target_population,2,270,196,0,196,K-Fold,5,RandomForest,desc+numeric,311,True,0.723175965665236,0.7229863675328732,0.723175965665236,0.7230778155001297,0.75151171579743
7,target_population,2,270,196,0,196,K-Fold,5,SVM,desc+numeric,311,True,0.6716738197424893,0.6808332789185103,0.6716738197424893,0.6736654697847243,0.7258314436885865
7,target_population,2,270,196,0,196,K-Fold,5,AdaBoost,desc+numeric,311,True,0.6824034334763949,0.688818180201624,0.6824034334763949,0.6840976609590157,0.7372826908541195
7,target_population,2,270,196,0,196,K-Fold,5,XGBoost,desc+numeric,311,True,0.6888412017167382,0.691063648537921,0.6888412017167382,0.6896960697115145,0.7284013605442177
7,target_population,2,270,196,0,196,K-Fold,5,LogReg,desc+numeric+iran,331,True,0.7725321888412017,0.7713421049497167,0.7725321888412017,0.7714130680311528,0.8556689342403629
7,target_population,2,270,196,0,196,K-Fold,5,DecisionTree,desc+numeric+iran,331,True,0.7446351931330472,0.7489277952287396,0.7446351931330472,0.7457919972481724,0.7439720332577476
7,target_population,2,270,196,0,196,K-Fold,5,RandomForest,desc+numeric+iran,331,True,0.796137339055794,0.7957584455616433,0.796137339055794,0.7959143927720419,0.8709372637944066
7,target_population,2,270,196,0,196,K-Fold,5,SVM,desc+numeric+iran,331,True,0.7854077253218884,0.785782615440302,0.7854077253218884,0.7821629453616494,0.839332955404384
7,target_population,2,270,196,0,196,K-Fold,5,AdaBoost,desc+numeric+iran,331,True,0.8004291845493562,0.7998066727193662,0.8004291845493562,0.79873791456369,0.8653817082388512
7,target_population,2,270,196,0,196,K-Fold,5,XGBoost,desc+numeric+iran,331,True,0.7832618025751072,0.7822242385039262,0.7832618025751072,0.7822964843772601,0.8633030990173848
7,target_population,2,270,196,0,196,K-Fold,5,LogReg,iran_only,20,True,0.7875536480686696,0.7886419253579167,0.7875536480686696,0.7839069658037513,0.8161942554799696
7,target_population,2,270,196,0,196,K-Fold,5,DecisionTree,iran_only,20,True,0.7682403433476395,0.7726262986607954,0.7682403433476395,0.76153064279909,0.6821995464852607
7,target_population,2,270,196,0,196,K-Fold,5,RandomForest,iran_only,20,True,0.7875536480686696,0.7872207737403205,0.7875536480686696,0.7850178774288006,0.7912509448223733
7,target_population,2,270,196,0,196,K-Fold,5,SVM,iran_only,20,True,0.8004291845493562,0.8008205066640194,0.8004291845493562,0.7977994843066275,0.787178760393046
7,target_population,2,270,196,0,196,K-Fold,5,AdaBoost,iran_only,20,True,0.7918454935622318,0.794192674874042,0.7918454935622318,0.7876719365141691,0.7926587301587302
7,target_population,2,270,196,0,196,K-Fold,5,XGBoost,iran_only,20,True,0.7918454935622318,0.7919413039914857,0.7918454935622318,0.789102687932719,0.7799697656840514
7,target_population,2,270,196,0,196,K-Fold,5,LogReg,tweets+numeric+iran,331,True,0.8004291845493562,0.7999858413344542,0.8004291845493562,0.7985162365655188,0.8689342403628117
7,target_population,2,270,196,0,196,K-Fold,5,DecisionTree,tweets+numeric+iran,331,True,0.7381974248927039,0.7399325356063863,0.7381974248927039,0.7388470102294362,0.7342214663643235
7,target_population,2,270,196,0,196,K-Fold,5,RandomForest,tweets+numeric+iran,331,True,0.8175965665236051,0.8185789120090871,0.8175965665236051,0.8151930770544445,0.8876889644746786
7,target_population,2,270,196,0,196,K-Fold,5,SVM,tweets+numeric+iran,331,True,0.8283261802575107,0.8416802675854843,0.8283261802575107,0.8224159465493239,0.8567649281934996
7,target_population,2,270,196,0,196,K-Fold,5,AdaBoost,tweets+numeric+iran,331,True,0.8347639484978541,0.8348556115714122,0.8347639484978541,0.8333636496925175,0.8889644746787604
7,target_population,2,270,196,0,196,K-Fold,5,XGBoost,tweets+numeric+iran,331,True,0.8111587982832618,0.8104146476533296,0.8111587982832618,0.8104037930027188,0.8776266061980347
7,locals_vs_diaspora,3,34,64,542,34,K-Fold,5,LogReg,numeric,11,True,0.6296875,0.8407287177310522,0.6296875,0.7037570730042179,0.7701686559460315
7,locals_vs_diaspora,3,34,64,542,34,K-Fold,5,DecisionTree,numeric,11,True,0.8015625,0.811222892015096,0.8015625,0.8062852040816326,0.65860667699423
7,locals_vs_diaspora,3,34,64,542,34,K-Fold,5,RandomForest,numeric,11,True,0.8421875,0.8270688410426782,0.8421875,0.8340764751612555,0.7619778270476921
7,locals_vs_diaspora,3,34,64,542,34,K-Fold,5,SVM,numeric,11,True,0.6078125,0.8476669549052975,0.6078125,0.6920390204307887,0.7436081259094499
7,locals_vs_diaspora,3,34,64,542,34,K-Fold,5,AdaBoost,numeric,11,True,0.6703125,0.8276671744260182,0.6703125,0.7326048812009146,0.7486489073861549
7,locals_vs_diaspora,3,34,64,542,34,K-Fold,5,XGBoost,numeric,11,True,0.846875,0.818274794673967,0.846875,0.8307239132331018,0.7057290060658649
7,locals_vs_diaspora,3,34,64,542,34,K-Fold,5,LogReg,numeric+iran,31,True,0.7078125,0.8390587366036902,0.7078125,0.7595307520217591,0.7416342439409759
7,locals_vs_diaspora,3,34,64,542,34,K-Fold,5,DecisionTree,numeric+iran,31,True,0.8015625,0.7959967770913446,0.8015625,0.7987103174603175,0.6240472261511865
7,locals_vs_diaspora,3,34,64,542,34,K-Fold,5,RandomForest,numeric+iran,31,True,0.8625,0.8660062550443908,0.8625,0.8626709921493674,0.8475747716771836
7,locals_vs_diaspora,3,34,64,542,34,K-Fold,5,SVM,numeric+iran,31,True,0.6859375,0.8405569887941727,0.6859375,0.7455333479561543,0.7631881508662663
7,locals_vs_diaspora,3,34,64,542,34,K-Fold,5,AdaBoost,numeric+iran,31,True,0.753125,0.853602543090474,0.753125,0.7925072879707191,0.8229768256441397
7,locals_vs_diaspora,3,34,64,542,34,K-Fold,5,XGBoost,numeric+iran,31,True,0.8453125,0.8271179027079951,0.8453125,0.8349669420744116,0.8146172831369553
7,locals_vs_diaspora,3,34,64,542,34,K-Fold,5,LogReg,desc+numeric,311,True,0.7453125,0.8406775290723456,0.7453125,0.7843125588884343,0.7540471275982031
7,locals_vs_diaspora,3,34,64,542,34,K-Fold,5,DecisionTree,desc+numeric,311,True,0.7984375,0.8090421321690732,0.7984375,0.8033522766472453,0.6315955734604073
7,locals_vs_diaspora,3,34,64,542,34,K-Fold,5,RandomForest,desc+numeric,311,True,0.8625,0.8393377768065268,0.8625,0.8487962105711386,0.7826019904435837
7,locals_vs_diaspora,3,34,64,542,34,K-Fold,5,SVM,desc+numeric,311,True,0.7515625,0.8253194619116062,0.7515625,0.7843197403230298,0.6966429340339169
7,locals_vs_diaspora,3,34,64,542,34,K-Fold,5,AdaBoost,desc+numeric,311,True,0.690625,0.8293495639534884,0.690625,0.7452244319325044,0.7492544872412146
7,locals_vs_diaspora,3,34,64,542,34,K-Fold,5,XGBoost,desc+numeric,311,True,0.8453125,0.8143679175001843,0.8453125,0.8275531090742216,0.7120760867839813
7,locals_vs_diaspora,3,34,64,542,34,K-Fold,5,LogReg,desc+numeric+iran,331,True,0.74375,0.8287773873327267,0.74375,0.778666791139708,0.7355042702931007
7,locals_vs_diaspora,3,34,64,542,34,K-Fold,5,DecisionTree,desc+numeric+iran,331,True,0.8390625,0.8395396874569737,0.8390625,0.8387690585236728,0.7166434436811027
7,locals_vs_diaspora,3,34,64,542,34,K-Fold,5,RandomForest,desc+numeric+iran,331,True,0.86875,0.8658572269689999,0.86875,0.8646988768185805,0.8449931211881154
7,locals_vs_diaspora,3,34,64,542,34,K-Fold,5,SVM,desc+numeric+iran,331,True,0.765625,0.833156938170525,0.765625,0.7950397764000037,0.7454162969011346
7,locals_vs_diaspora,3,34,64,542,34,K-Fold,5,AdaBoost,desc+numeric+iran,331,True,0.80625,0.8605816982596165,0.80625,0.8279327735470844,0.8298169787781553
7,locals_vs_diaspora,3,34,64,542,34,K-Fold,5,XGBoost,desc+numeric+iran,331,True,0.8484375,0.8280004099822371,0.8484375,0.8364632938453693,0.8174441493993946
7,locals_vs_diaspora,3,34,64,542,34,K-Fold,5,LogReg,iran_only,20,True,0.7796875,0.8492304025423729,0.7796875,0.8067588817530187,0.7501348312246723
7,locals_vs_diaspora,3,34,64,542,34,K-Fold,5,DecisionTree,iran_only,20,True,0.8265625,0.8121549707602339,0.8265625,0.818864546855302,0.4836679061869436
7,locals_vs_diaspora,3,34,64,542,34,K-Fold,5,RandomForest,iran_only,20,True,0.83125,0.8538193746986984,0.83125,0.8388861331569665,0.7879355093612838
7,locals_vs_diaspora,3,34,64,542,34,K-Fold,5,SVM,iran_only,20,True,0.771875,0.8470624273739988,0.771875,0.8036406096361848,0.7509371555578708
7,locals_vs_diaspora,3,34,64,542,34,K-Fold,5,AdaBoost,iran_only,20,True,0.8109375,0.863830777855437,0.8109375,0.831608100114123,0.8097351708674136
7,locals_vs_diaspora,3,34,64,542,34,K-Fold,5,XGBoost,iran_only,20,True,0.8390625,0.8373111759749639,0.8390625,0.8381354594832648,0.6756520639209169
7,locals_vs_diaspora,3,34,64,542,34,K-Fold,5,LogReg,tweets+numeric+iran,331,True,0.7328125,0.8339839741759916,0.7328125,0.7736251315016319,0.7348426865267044
7,locals_vs_diaspora,3,34,64,542,34,K-Fold,5,DecisionTree,tweets+numeric+iran,331,True,0.7796875,0.7945601798285535,0.7796875,0.7867754635998458,0.6293030929368447
7,locals_vs_diaspora,3,34,64,542,34,K-Fold,5,RandomForest,tweets+numeric+iran,331,True,0.8328125,0.8503597344716269,0.8328125,0.8377388459432021,0.8397593131692395
7,locals_vs_diaspora,3,34,64,542,34,K-Fold,5,SVM,tweets+numeric+iran,331,True,0.7328125,0.8373988226637232,0.7328125,0.7761914837344619,0.7541806471583065
7,locals_vs_diaspora,3,34,64,542,34,K-Fold,5,AdaBoost,tweets+numeric+iran,331,True,0.796875,0.8506923971482834,0.796875,0.8190254480316532,0.7937767808688554
7,locals_vs_diaspora,3,34,64,542,34,K-Fold,5,XGBoost,tweets+numeric+iran,331,True,0.84375,0.8242344223042751,0.84375,0.8325116100832265,0.8118738426876011
7,locals_vs_diaspora,2,34,64,0,34,K-Fold,5,LogReg,numeric,11,True,0.7448979591836735,0.7558736662852885,0.7448979591836735,0.7484493296149064,0.7807904411764705
7,locals_vs_diaspora,2,34,64,0,34,K-Fold,5,DecisionTree,numeric,11,True,0.7142857142857143,0.7106331168831169,0.7142857142857143,0.7121545121545122,0.6778492647058824
7,locals_vs_diaspora,2,34,64,0,34,K-Fold,5,RandomForest,numeric,11,True,0.7040816326530612,0.69855462647264,0.7040816326530612,0.7006411255048115,0.7605698529411765
7,locals_vs_diaspora,2,34,64,0,34,K-Fold,5,SVM,numeric,11,True,0.7448979591836735,0.7509607298834464,0.7448979591836735,0.7472262144294338,0.7573529411764707
7,locals_vs_diaspora,2,34,64,0,34,K-Fold,5,AdaBoost,numeric,11,True,0.7040816326530612,0.7021074163931308,0.7040816326530612,0.7030202570441575,0.7582720588235294
7,locals_vs_diaspora,2,34,64,0,34,K-Fold,5,XGBoost,numeric,11,True,0.6326530612244898,0.622889155662265,0.6326530612244898,0.6267393320964749,0.643841911764706
7,locals_vs_diaspora,2,34,64,0,34,K-Fold,5,LogReg,numeric+iran,31,True,0.7551020408163265,0.7633369137128535,0.7551020408163265,0.7579547948211542,0.8295036764705882
7,locals_vs_diaspora,2,34,64,0,34,K-Fold,5,DecisionTree,numeric+iran,31,True,0.7244897959183674,0.7151373851575059,0.7244897959183674,0.7158246905319505,0.671875
7,locals_vs_diaspora,2,34,64,0,34,K-Fold,5,RandomForest,numeric+iran,31,True,0.8061224489795918,0.8075801749271136,0.8061224489795918,0.8067640613246326,0.8513327205882352
7,locals_vs_diaspora,2,34,64,0,34,K-Fold,5,SVM,numeric+iran,31,True,0.7244897959183674,0.730878084508061,0.7244897959183674,0.7270043115837884,0.7748161764705882
7,locals_vs_diaspora,2,34,64,0,34,K-Fold,5,AdaBoost,numeric+iran,31,True,0.7959183673469388,0.7991917196986321,0.7959183673469388,0.797214123744736,0.8262867647058824
7,locals_vs_diaspora,2,34,64,0,34,K-Fold,5,XGBoost,numeric+iran,31,True,0.7448979591836735,0.7432282003710576,0.7448979591836735,0.7439829802104806,0.8014705882352942
7,locals_vs_diaspora,2,34,64,0,34,K-Fold,5,LogReg,desc+numeric,311,True,0.7448979591836735,0.7558736662852885,0.7448979591836735,0.7484493296149064,0.7922794117647058
7,locals_vs_diaspora,2,34,64,0,34,K-Fold,5,DecisionTree,desc+numeric,311,True,0.7040816326530612,0.7159442655810694,0.7040816326530612,0.7082012223532915,0.6907169117647058
7,locals_vs_diaspora,2,34,64,0,34,K-Fold,5,RandomForest,desc+numeric,311,True,0.6428571428571429,0.6453514739229025,0.6428571428571429,0.6440390603348495,0.7182904411764706
7,locals_vs_diaspora,2,34,64,0,34,K-Fold,5,SVM,desc+numeric,311,True,0.7755102040816326,0.7755102040816326,0.7755102040816326,0.7755102040816326,0.801470588235294
7,locals_vs_diaspora,2,34,64,0,34,K-Fold,5,AdaBoost,desc+numeric,311,True,0.6938775510204082,0.7032939491586108,0.6938775510204082,0.6974434935264427,0.7435661764705882
7,locals_vs_diaspora,2,34,64,0,34,K-Fold,5,XGBoost,desc+numeric,311,True,0.6326530612244898,0.622889155662265,0.6326530612244898,0.6267393320964749,0.643841911764706
7,locals_vs_diaspora,2,34,64,0,34,K-Fold,5,LogReg,desc+numeric+iran,331,True,0.7653061224489796,0.7710433752588319,0.7653061224489796,0.7674481172750791,0.8313419117647057
7,locals_vs_diaspora,2,34,64,0,34,K-Fold,5,DecisionTree,desc+numeric+iran,331,True,0.7551020408163265,0.752106524427953,0.7551020408163265,0.753275296132439,0.7228860294117647
7,locals_vs_diaspora,2,34,64,0,34,K-Fold,5,RandomForest,desc+numeric+iran,331,True,0.7959183673469388,0.8033655567490154,0.7959183673469388,0.7982956623509618,0.8451286764705882
7,locals_vs_diaspora,2,34,64,0,34,K-Fold,5,SVM,desc+numeric+iran,331,True,0.7653061224489796,0.7670229996760609,0.7653061224489796,0.7660828110771868,0.8262867647058824
7,locals_vs_diaspora,2,34,64,0,34,K-Fold,5,AdaBoost,desc+numeric+iran,331,True,0.7959183673469388,0.7959183673469388,0.7959183673469388,0.7959183673469388,0.8088235294117647
7,locals_vs_diaspora,2,34,64,0,34,K-Fold,5,XGBoost,desc+numeric+iran,331,True,0.7551020408163265,0.752106524427953,0.7551020408163265,0.753275296132439,0.7973345588235294
7,locals_vs_diaspora,2,34,64,0,34,K-Fold,5,LogReg,iran_only,20,True,0.7244897959183674,0.7479052508952841,0.7244897959183674,0.7301725885159258,0.7846966911764705
7,locals_vs_diaspora,2,34,64,0,34,K-Fold,5,DecisionTree,iran_only,20,True,0.7653061224489796,0.7877896190188549,0.7653061224489796,0.7701470198468998,0.7628676470588236
7,locals_vs_diaspora,2,34,64,0,34,K-Fold,5,RandomForest,iran_only,20,True,0.7857142857142857,0.7958030669895076,0.7857142857142857,0.7886974368765214,0.8274356617647058
7,locals_vs_diaspora,2,34,64,0,34,K-Fold,5,SVM,iran_only,20,True,0.7346938775510204,0.7613206898921185,0.7346938775510204,0.7404588954225758,0.8051470588235293
7,locals_vs_diaspora,2,34,64,0,34,K-Fold,5,AdaBoost,iran_only,20,True,0.7551020408163265,0.7745383867832847,0.7551020408163265,0.7598281417830289,0.8021599264705883
7,locals_vs_diaspora,2,34,64,0,34,K-Fold,5,XGBoost,iran_only,20,True,0.7959183673469388,0.7991917196986321,0.7959183673469388,0.797214123744736,0.7959558823529412
7,locals_vs_diaspora,2,34,64,0,34,K-Fold,5,LogReg,tweets+numeric+iran,331,True,0.7551020408163265,0.7633369137128535,0.7551020408163265,0.7579547948211542,0.8262867647058825
7,locals_vs_diaspora,2,34,64,0,34,K-Fold,5,DecisionTree,tweets+numeric+iran,331,True,0.6938775510204082,0.6833819241982507,0.6938775510204082,0.6859186621206017,0.6415441176470589
7,locals_vs_diaspora,2,34,64,0,34,K-Fold,5,RandomForest,tweets+numeric+iran,331,True,0.7857142857142857,0.7823096499071464,0.7857142857142857,0.7832228839862427,0.8550091911764706
7,locals_vs_diaspora,2,34,64,0,34,K-Fold,5,SVM,tweets+numeric+iran,331,True,0.7448979591836735,0.7467444120505344,0.7448979591836735,0.7457421859534639,0.8019301470588235
7,locals_vs_diaspora,2,34,64,0,34,K-Fold,5,AdaBoost,tweets+numeric+iran,331,True,0.8163265306122449,0.8143166357452073,0.8163265306122449,0.8149564720993292,0.8216911764705883
7,locals_vs_diaspora,2,34,64,0,34,K-Fold,5,XGBoost,tweets+numeric+iran,331,True,0.8163265306122449,0.813405362144858,0.8163265306122449,0.8133696660482376,0.8198529411764706
7,person_vs_organization,3,82,359,199,82,K-Fold,5,LogReg,numeric,11,True,0.45,0.5514113007068768,0.45,0.44185892490303436,0.6606969981818542
7,person_vs_organization,3,82,359,199,82,K-Fold,5,DecisionTree,numeric,11,True,0.528125,0.5225653004137507,0.528125,0.5251500936409904,0.5826358936794018
7,person_vs_organization,3,82,359,199,82,K-Fold,5,RandomForest,numeric,11,True,0.5609375,0.5656258295591636,0.5609375,0.5630038274082989,0.6787311478936177
7,person_vs_organization,3,82,359,199,82,K-Fold,5,SVM,numeric,11,True,0.434375,0.5393422976297425,0.434375,0.4307088884771165,0.6417302235558633
7,person_vs_organization,3,82,359,199,82,K-Fold,5,AdaBoost,numeric,11,True,0.521875,0.5789623718805703,0.521875,0.5343989155460986,0.6294281403404837
7,person_vs_organization,3,82,359,199,82,K-Fold,5,XGBoost,numeric,11,True,0.590625,0.5828320125836253,0.590625,0.5856396269792626,0.6729081180768524
7,person_vs_organization,3,82,359,199,82,K-Fold,5,LogReg,numeric+iran,31,True,0.4984375,0.6003553458932727,0.4984375,0.5030390089581337,0.685599729729932
7,person_vs_organization,3,82,359,199,82,K-Fold,5,DecisionTree,numeric+iran,31,True,0.5453125,0.5386795878779933,0.5453125,0.5414753760965303,0.5945295923443421
7,person_vs_organization,3,82,359,199,82,K-Fold,5,RandomForest,numeric+iran,31,True,0.596875,0.6079789470045094,0.596875,0.6010943308578958,0.7286448110004917
7,person_vs_organization,3,82,359,199,82,K-Fold,5,SVM,numeric+iran,31,True,0.5078125,0.6166798324157392,0.5078125,0.5173804074852446,0.6775414930063405
7,person_vs_organization,3,82,359,199,82,K-Fold,5,AdaBoost,numeric+iran,31,True,0.525,0.579329427725247,0.525,0.5365566295592369,0.6763402381900891
7,person_vs_organization,3,82,359,199,82,K-Fold,5,XGBoost,numeric+iran,31,True,0.6078125,0.5986353882679025,0.6078125,0.6015569729765697,0.7056754768044862
7,person_vs_organization,3,82,359,199,82,K-Fold,5,LogReg,desc+numeric,311,True,0.53125,0.5749795463321925,0.53125,0.5337986042490119,0.699647231718712
7,person_vs_organization,3,82,359,199,82,K-Fold,5,DecisionTree,desc+numeric,311,True,0.553125,0.5469364589165735,0.553125,0.549660866063627,0.601762282994551
7,person_vs_organization,3,82,359,199,82,K-Fold,5,RandomForest,desc+numeric,311,True,0.61875,0.6128259960679678,0.61875,0.6150018155109296,0.7081883938080934
7,person_vs_organization,3,82,359,199,82,K-Fold,5,SVM,desc+numeric,311,True,0.54375,0.5738764200339519,0.54375,0.5465946429073752,0.6828972566191365
7,person_vs_organization,3,82,359,199,82,K-Fold,5,AdaBoost,desc+numeric,311,True,0.5421875,0.5752063471888131,0.5421875,0.5501780596218866,0.6566876714273414
7,person_vs_organization,3,82,359,199,82,K-Fold,5,XGBoost,desc+numeric,311,True,0.6,0.5902961231099818,0.6,0.5931981088642561,0.6826958662009173
7,person_vs_organization,3,82,359,199,82,K-Fold,5,LogReg,desc+numeric+iran,331,True,0.5546875,0.6073951125358977,0.5546875,0.5625492013663376,0.7121549812741651
7,person_vs_organization,3,82,359,199,82,K-Fold,5,DecisionTree,desc+numeric+iran,331,True,0.571875,0.5718529309785959,0.571875,0.5716699218688408,0.6256620047475615
7,person_vs_organization,3,82,359,199,82,K-Fold,5,RandomForest,desc+numeric+iran,331,True,0.603125,0.6084381890434922,0.603125,0.6052425995791918,0.740568264798027
7,person_vs_organization,3,82,359,199,82,K-Fold,5,SVM,desc+numeric+iran,331,True,0.5578125,0.6049767017123114,0.5578125,0.5638777954584686,0.701899358772993
7,person_vs_organization,3,82,359,199,82,K-Fold,5,AdaBoost,desc+numeric+iran,331,True,0.51875,0.5719834735042307,0.51875,0.5270804014983819,0.6756811971299157
7,person_vs_organization,3,82,359,199,82,K-Fold,5,XGBoost,desc+numeric+iran,331,True,0.6109375,0.6014545671870577,0.6109375,0.6044466502013414,0.7087125334028496
7,person_vs_organization,3,82,359,199,82,K-Fold,5,LogReg,iran_only,20,True,0.4078125,0.5694139393986402,0.4078125,0.43065086682468345,0.5995728227877555
7,person_vs_organization,3,82,359,199,82,K-Fold,5,DecisionTree,iran_only,20,True,0.346875,0.5605666369490352,0.346875,0.37158092235825846,0.5852370997092059
7,person_vs_organization,3,82,359,199,82,K-Fold,5,RandomForest,iran_only,20,True,0.3859375,0.553892345067079,0.3859375,0.42257623939061684,0.6163449310781309
7,person_vs_organization,3,82,359,199,82,K-Fold,5,SVM,iran_only,20,True,0.3921875,0.5820833168832004,0.3921875,0.4302147920710187,0.610292709877306
7,person_vs_organization,3,82,359,199,82,K-Fold,5,AdaBoost,iran_only,20,True,0.4359375,0.5688053592047186,0.4359375,0.43572682378009164,0.6033029863784185
7,person_vs_organization,3,82,359,199,82,K-Fold,5,XGBoost,iran_only,20,True,0.3578125,0.5475463207657975,0.3578125,0.3774523603479936,0.5966358167207398
7,person_vs_organization,3,82,359,199,82,K-Fold,5,LogReg,tweets+numeric+iran,331,True,0.503125,0.6052043352632492,0.503125,0.5079886311108829,0.688082067755641
7,person_vs_organization,3,82,359,199,82,K-Fold,5,DecisionTree,tweets+numeric+iran,331,True,0.5390625,0.5351327913337466,0.5390625,0.5367890858263568,0.5886705656126912
7,person_vs_organization,3,82,359,199,82,K-Fold,5,RandomForest,tweets+numeric+iran,331,True,0.5984375,0.6075768263596286,0.5984375,0.6022803850305294,0.7161134010593964
7,person_vs_organization,3,82,359,199,82,K-Fold,5,SVM,tweets+numeric+iran,331,True,0.4890625,0.5991622085373518,0.4890625,0.49659797938729444,0.6800163184007579
7,person_vs_organization,3,82,359,199,82,K-Fold,5,AdaBoost,tweets+numeric+iran,331,True,0.5109375,0.5816553607985254,0.5109375,0.5235352714627364,0.6772577754076413
7,person_vs_organization,3,82,359,199,82,K-Fold,5,XGBoost,tweets+numeric+iran,331,True,0.6375,0.6292075262124054,0.6375,0.6318088579861652,0.7053267128465821
7,person_vs_organization,2,82,359,0,82,K-Fold,5,LogReg,numeric,11,True,0.6439909297052154,0.7893765971997265,0.6439909297052154,0.6831005195051449,0.7134995583939125
7,person_vs_organization,2,82,359,0,82,K-Fold,5,DecisionTree,numeric,11,True,0.764172335600907,0.7574505408988877,0.764172335600907,0.7606717815923255,0.596389020993274
7,person_vs_organization,2,82,359,0,82,K-Fold,5,RandomForest,numeric,11,True,0.7777777777777778,0.7840444101067331,0.7777777777777778,0.7807630168172139,0.7397071811943746
7,person_vs_organization,2,82,359,0,82,K-Fold,5,SVM,numeric,11,True,0.6122448979591837,0.774624937810998,0.6122448979591837,0.6552264974890544,0.6955635573068822
7,person_vs_organization,2,82,359,0,82,K-Fold,5,AdaBoost,numeric,11,True,0.6938775510204082,0.7791717404071126,0.6938775510204082,0.7225190872327146,0.704718391195054
7,person_vs_organization,2,82,359,0,82,K-Fold,5,XGBoost,numeric,11,True,0.780045351473923,0.7599851227969141,0.780045351473923,0.7684697659846546,0.7270194986072422
7,person_vs_organization,2,82,359,0,82,K-Fold,5,LogReg,numeric+iran,31,True,0.671201814058957,0.7968493595006912,0.671201814058957,0.7064337571102074,0.7184591344520687
7,person_vs_organization,2,82,359,0,82,K-Fold,5,DecisionTree,numeric+iran,31,True,0.7709750566893424,0.7720516848681541,0.7709750566893424,0.771509361108883,0.6240913105509885
7,person_vs_organization,2,82,359,0,82,K-Fold,5,RandomForest,numeric+iran,31,True,0.8072562358276644,0.8045525597702072,0.8072562358276644,0.8058614790465827,0.7827128201644132
7,person_vs_organization,2,82,359,0,82,K-Fold,5,SVM,numeric+iran,31,True,0.6485260770975056,0.8154496609809769,0.6485260770975056,0.6875188289780045,0.7000815272776681
7,person_vs_organization,2,82,359,0,82,K-Fold,5,AdaBoost,numeric+iran,31,True,0.7233560090702947,0.7964398377310633,0.7233560090702947,0.7477935956550807,0.7522420001358788
7,person_vs_organization,2,82,359,0,82,K-Fold,5,XGBoost,numeric+iran,31,True,0.8140589569160998,0.7990640995567104,0.8140589569160998,0.8048705734030758,0.7715537740335621
7,person_vs_organization,2,82,359,0,82,K-Fold,5,LogReg,desc+numeric,311,True,0.7392290249433107,0.799384050726693,0.7392290249433107,0.7601881704298934,0.7417283782865685
7,person_vs_organization,2,82,359,0,82,K-Fold,5,DecisionTree,desc+numeric,311,True,0.7732426303854876,0.7732426303854876,0.7732426303854876,0.7732426303854876,0.6254840682111555
7,person_vs_organization,2,82,359,0,82,K-Fold,5,RandomForest,desc+numeric,311,True,0.8253968253968254,0.8124236874236874,0.8253968253968254,0.8173199438505561,0.753413954752361
7,person_vs_organization,2,82,359,0,82,K-Fold,5,SVM,desc+numeric,311,True,0.8299319727891157,0.8245143303222928,0.8299319727891157,0.8269616654041366,0.7317752564712277
7,person_vs_organization,2,82,359,0,82,K-Fold,5,AdaBoost,desc+numeric,311,True,0.6666666666666666,0.7733224463374087,0.6666666666666666,0.7005756148613292,0.722042937699572
7,person_vs_organization,2,82,359,0,82,K-Fold,5,XGBoost,desc+numeric,311,True,0.7891156462585034,0.7742277372278628,0.7891156462585034,0.7806584146060341,0.7308241048984306
7,person_vs_organization,2,82,359,0,82,K-Fold,5,LogReg,desc+numeric+iran,331,True,0.7278911564625851,0.7954556768897831,0.7278911564625851,0.7510140557184147,0.7483864392961478
7,person_vs_organization,2,82,359,0,82,K-Fold,5,DecisionTree,desc+numeric+iran,331,True,0.746031746031746,0.7600584738974586,0.746031746031746,0.7525313842594296,0.6087709762891501
7,person_vs_organization,2,82,359,0,82,K-Fold,5,RandomForest,desc+numeric+iran,331,True,0.8163265306122449,0.8120705824787458,0.8163265306122449,0.8140736917956723,0.8046402608872885
7,person_vs_organization,2,82,359,0,82,K-Fold,5,SVM,desc+numeric+iran,331,True,0.7845804988662132,0.7978435629398297,0.7845804988662132,0.7905052472565738,0.7280725592771248
7,person_vs_organization,2,82,359,0,82,K-Fold,5,AdaBoost,desc+numeric+iran,331,True,0.746031746031746,0.8018130494014738,0.746031746031746,0.7656854988310916,0.768411576873429
7,person_vs_organization,2,82,359,0,82,K-Fold,5,XGBoost,desc+numeric+iran,331,True,0.8140589569160998,0.8006591080876795,0.8140589569160998,0.8060346950965869,0.7677151980433453
7,person_vs_organization,2,82,359,0,82,K-Fold,5,LogReg,iran_only,20,True,0.4875283446712018,0.7976684289337277,0.4875283446712018,0.5286387440137236,0.6242951287451594
7,person_vs_organization,2,82,359,0,82,K-Fold,5,DecisionTree,iran_only,20,True,0.5238095238095238,0.7736625514403292,0.5238095238095238,0.5711340613871319,0.5948773693865071
7,person_vs_organization,2,82,359,0,82,K-Fold,5,RandomForest,iran_only,20,True,0.5396825396825397,0.7855330050360171,0.5396825396825397,0.5860471925029088,0.63147972008968
7,person_vs_organization,2,82,359,0,82,K-Fold,5,SVM,iran_only,20,True,0.46485260770975056,0.7969034833566853,0.46485260770975056,0.5027234879842589,0.5273795774169441
7,person_vs_organization,2,82,359,0,82,K-Fold,5,AdaBoost,iran_only,20,True,0.43537414965986393,0.7889450278493273,0.43537414965986393,0.46875507486267326,0.6054759154833889
7,person_vs_organization,2,82,359,0,82,K-Fold,5,XGBoost,iran_only,20,True,0.528344671201814,0.7749305600075982,0.528344671201814,0.5756445199474459,0.6126944765269379
7,person_vs_organization,2,82,359,0,82,K-Fold,5,LogReg,tweets+numeric+iran,331,True,0.6666666666666666,0.7927152884780002,0.6666666666666666,0.7023845675531069,0.7199877709083498
7,person_vs_organization,2,82,359,0,82,K-Fold,5,DecisionTree,tweets+numeric+iran,331,True,0.780045351473923,0.7810800073321829,0.780045351473923,0.7805584953223925,0.6390719478225422
7,person_vs_organization,2,82,359,0,82,K-Fold,5,RandomForest,tweets+numeric+iran,331,True,0.8049886621315193,0.8031604700975497,0.8049886621315193,0.8040557375213458,0.7586962429512875
7,person_vs_organization,2,82,359,0,82,K-Fold,5,SVM,tweets+numeric+iran,331,True,0.6485260770975056,0.8220595063245166,0.6485260770975056,0.6874928260495086,0.6996059514912698
7,person_vs_organization,2,82,359,0,82,K-Fold,5,AdaBoost,tweets+numeric+iran,331,True,0.7256235827664399,0.7997216376890395,0.7256235827664399,0.7500794168504541,0.7507133636795978
7,person_vs_organization,2,82,359,0,82,K-Fold,5,XGBoost,tweets+numeric+iran,331,True,0.8367346938775511,0.824387281437774,0.8367346938775511,0.828666844939286,0.776581289489775
